{"stats":{"minecraft:killed_by":{"minecraft:pillager":1,"grimoireofgaia:spriggan":1,"minecraft:zombie":1},"minecraft:custom":{"minecraft:jump":84,"minecraft:damage_dealt":71,"minecraft:time_since_rest":1340,"minecraft:deaths":3,"minecraft:damage_taken":625,"minecraft:sprint_one_cm":17562,"minecraft:play_time":7811,"minecraft:time_since_death":1303,"minecraft:walk_one_cm":14197,"minecraft:total_world_time":7811,"minecraft:fall_one_cm":5186,"minecraft:fly_one_cm":19365},"minecraft:mined":{"minecraft:grass":2,"minecraft:grass_block":5,"minecraft:oak_log":6,"minecraft:oak_leaves":8,"minecraft:dirt":2},"minecraft:used":{"alexsmobs:animal_dictionary":2,"minecraft:dirt":4},"minecraft:picked_up":{"minecraft:oak_log":6,"minecraft:dirt":5}},"DataVersion":3465}