{"stats":{"minecraft:killed_by":{"grimoireofgaia:mandragora":1,"grimoireofgaia:spriggan":1,"minecraft:zombie":1,"grimoireofgaia:werecat":3,"minecraft:pillager":1},"minecraft:crafted":{"minecraft:oak_planks":32,"minecraft:shield":1,"minecraft:crafting_table":1,"minecraft:stick":8,"minecraft:wooden_pickaxe":1,"minecraft:iron_ingot":6,"minecraft:iron_pickaxe":1,"minecraft:stone_pickaxe":1,"minecraft:iron_sword":1,"minecraft:furnace":1,"minecraft:air":0},"minecraft:killed":{"minecraft:sheep":1,"grimoireofgaia:cyan_flower":1,"minecraft:spider":1},"minecraft:custom":{"minecraft:time_since_rest":3791,"minecraft:interact_with_furnace":7,"minecraft:sprint_one_cm":130777,"spartanshields:shield_bash_hits":4,"minecraft:damage_taken":1362,"minecraft:walk_one_cm":106711,"minecraft:damage_blocked_by_shield":630,"minecraft:mob_kills":3,"minecraft:damage_dealt":1024,"minecraft:interact_with_crafting_table":11,"minecraft:fly_one_cm":74957,"minecraft:open_chest":3,"minecraft:crouch_one_cm":529,"minecraft:play_time":53975,"minecraft:deaths":7,"minecraft:sneak_time":372,"minecraft:jump":449,"minecraft:leave_game":1,"minecraft:time_since_death":3752,"minecraft:climb_one_cm":36,"minecraft:total_world_time":53975,"minecraft:fall_one_cm":14559},"minecraft:mined":{"minecraft:furnace":1,"minecraft:iron_ore":20,"minecraft:sweet_berry_bush":15,"minecraft:birch_leaves":2,"minecraft:grass":4,"minecraft:coal_ore":34,"minecraft:grass_block":7,"minecraft:oak_log":13,"minecraft:dirt":6,"minecraft:cobweb":4,"minecraft:stone":24,"minecraft:tripwire":2,"minecraft:oak_leaves":13,"minecraft:fern":1},"minecraft:used":{"minecraft:bread":1,"minecraft:stone_pickaxe":14,"minecraft:iron_pickaxe":61,"minecraft:oak_planks":2,"minecraft:leather_chestplate":1,"minecraft:shield":10,"minecraft:wooden_pickaxe":4,"minecraft:iron_sword":23,"minecraft:dirt":8,"minecraft:cobblestone":3,"minecraft:sweet_berries":10,"minecraft:crafting_table":1,"minecraft:furnace":1,"alexsmobs:animal_dictionary":2},"minecraft:picked_up":{"minecraft:stick":4,"minecraft:raw_iron":44,"minecraft:leather_chestplate":1,"minecraft:sweet_berries":76,"minecraft:leather":2,"minecraft:torch":8,"minecraft:oak_log":13,"minecraft:shield":3,"minecraft:leather_helmet":2,"minecraft:string":4,"minecraft:dirt":72,"minecraft:cooked_salmon":7,"minecraft:leather_boots":1,"minecraft:iron_ingot":13,"minecraft:bread":11,"minecraft:poppy":2,"minecraft:iron_pickaxe":4,"minecraft:mutton":1,"minecraft:coal":73,"minecraft:oak_planks":36,"minecraft:iron_sword":4,"minecraft:white_wool":1,"minecraft:cobblestone":40,"minecraft:furnace":5}},"DataVersion":3465}