{"stats":{"minecraft:killed_by":{"grimoireofgaia:spriggan":1,"minecraft:zombie":2,"minecraft:pillager":1,"grimoireofgaia:mandragora":1,"grimoireofgaia:werecat":3},"minecraft:crafted":{"minecraft:oak_planks":32,"minecraft:crafting_table":2,"minecraft:wooden_pickaxe":1,"minecraft:iron_helmet":1,"minecraft:iron_sword":1,"minecraft:furnace":1,"minecraft:cooked_mutton":1,"minecraft:air":0,"minecraft:iron_boots":1,"minecraft:iron_chestplate":1,"minecraft:shield":1,"minecraft:iron_axe":1,"minecraft:stick":16,"minecraft:iron_ingot":20,"minecraft:stone_pickaxe":1,"minecraft:iron_pickaxe":1,"minecraft:iron_leggings":1},"minecraft:killed":{"grimoireofgaia:cyan_flower":1,"minecraft:spider":1,"minecraft:sheep":5,"minecraft:chicken":1},"minecraft:custom":{"minecraft:interact_with_furnace":15,"spartanshields:shield_bash_hits":4,"minecraft:mob_kills":8,"minecraft:interact_with_crafting_table":19,"minecraft:leave_game":2,"minecraft:time_since_death":19039,"minecraft:climb_one_cm":36,"minecraft:time_since_rest":19109,"minecraft:sprint_one_cm":190802,"minecraft:damage_taken":1434,"minecraft:walk_one_cm":144162,"minecraft:damage_blocked_by_shield":630,"minecraft:drop":4,"minecraft:damage_dealt":1433,"minecraft:talked_to_villager":1,"minecraft:swim_one_cm":808,"minecraft:fly_one_cm":130729,"minecraft:open_chest":3,"minecraft:crouch_one_cm":548,"minecraft:play_time":74524,"minecraft:deaths":8,"minecraft:sneak_time":444,"minecraft:walk_under_water_one_cm":356,"minecraft:jump":718,"minecraft:walk_on_water_one_cm":88,"minecraft:total_world_time":74524,"minecraft:fall_one_cm":23981},"minecraft:mined":{"minecraft:cherry_log":25,"minecraft:crafting_table":2,"minecraft:grass_block":9,"minecraft:cobblestone":1,"minecraft:pink_petals":1,"minecraft:furnace":2,"minecraft:iron_ore":20,"minecraft:sweet_berry_bush":15,"minecraft:birch_leaves":2,"minecraft:grass":4,"minecraft:oak_log":13,"minecraft:coal_ore":34,"minecraft:cherry_leaves":16,"minecraft:dirt":12,"minecraft:cobweb":4,"minecraft:stone":24,"minecraft:oak_leaves":13,"minecraft:tripwire":2,"minecraft:fern":1},"minecraft:dropped":{"minecraft:leather_helmet":2,"minecraft:leather_chestplate":1,"minecraft:leather_boots":1},"minecraft:used":{"minecraft:stone_pickaxe":14,"minecraft:oak_planks":2,"minecraft:poppy":1,"minecraft:wooden_pickaxe":4,"minecraft:shield":10,"minecraft:leather_chestplate":2,"minecraft:iron_sword":25,"minecraft:leather_boots":1,"minecraft:dirt":13,"minecraft:crafting_table":3,"minecraft:iron_axe":36,"minecraft:bread":3,"minecraft:iron_pickaxe":63,"minecraft:leather_helmet":1,"minecraft:cobblestone":3,"minecraft:sweet_berries":11,"minecraft:furnace":2,"alexsmobs:animal_dictionary":2,"minecraft:iron_leggings":1},"minecraft:picked_up":{"minecraft:pink_petals":2,"minecraft:crafting_table":2,"minecraft:leather_chestplate":2,"minecraft:chicken":1,"minecraft:leather":4,"minecraft:oak_log":13,"minecraft:shield":4,"minecraft:dirt":94,"minecraft:string":6,"minecraft:cooked_salmon":14,"minecraft:leather_boots":2,"minecraft:iron_ingot":26,"minecraft:poppy":2,"minecraft:iron_pickaxe":5,"minecraft:oak_planks":45,"minecraft:iron_sword":5,"minecraft:furnace":7,"minecraft:stick":5,"minecraft:raw_iron":58,"minecraft:sweet_berries":109,"minecraft:torch":16,"minecraft:cherry_log":25,"minecraft:leather_helmet":4,"minecraft:cherry_sapling":3,"minecraft:bread":22,"minecraft:mutton":8,"minecraft:coal":138,"minecraft:white_wool":6,"minecraft:cobblestone":51}},"DataVersion":3465}