{"stats":{"minecraft:killed":{"grimoireofgaia:cyan_flower":1,"minecraft:pig":1,"minecraft:spider":1,"minecraft:sheep":6,"minecraft:pillager":1,"minecraft:zombie":1,"minecraft:chicken":1,"minecraft:cow":1},"minecraft:mined":{"minecraft:white_bed":1,"minecraft:lily_of_the_valley":1,"minecraft:cherry_log":25,"minecraft:oak_fence":1,"minecraft:brewing_stand":1,"minecraft:crafting_table":2,"minecraft:grass_block":13,"minecraft:chest":2,"minecraft:tall_grass":2,"minecraft:cobblestone":1,"minecraft:spruce_leaves":26,"minecraft:pink_petals":1,"minecraft:hay_block":1,"minecraft:furnace":2,"minecraft:iron_ore":20,"minecraft:wheat":3,"minecraft:sweet_berry_bush":15,"minecraft:birch_leaves":2,"minecraft:yellow_bed":7,"minecraft:stone_brick_stairs":1,"minecraft:grass":7,"minecraft:coal_ore":34,"minecraft:oak_log":13,"minecraft:cherry_leaves":16,"minecraft:dirt":22,"minecraft:cobweb":4,"minecraft:stone":24,"minecraft:stone_bricks":1,"minecraft:oak_leaves":15,"minecraft:tripwire":2,"minecraft:fern":1},"minecraft:crafted":{"minecraft:cherry_planks":24,"minecraft:oak_planks":32,"minecraft:crafting_table":2,"minecraft:iron_helmet":1,"minecraft:wooden_pickaxe":1,"minecraft:iron_sword":1,"minecraft:furnace":1,"minecraft:cooked_mutton":1,"minecraft:air":0,"minecraft:iron_boots":1,"minecraft:iron_chestplate":1,"minecraft:shield":1,"minecraft:iron_axe":1,"minecraft:stick":16,"minecraft:iron_ingot":20,"minecraft:stone_pickaxe":1,"minecraft:iron_pickaxe":1,"minecraft:chest":2,"minecraft:iron_leggings":1},"minecraft:picked_up":{"minecraft:pink_petals":10,"minecraft:crafting_table":4,"minecraft:iron_chestplate":2,"minecraft:leather_chestplate":2,"minecraft:wheat":18,"minecraft:chicken":6,"minecraft:cherry_planks":21,"minecraft:leather":29,"minecraft:potato":10,"minecraft:oak_log":13,"minecraft:brewing_stand":5,"minecraft:yellow_bed":9,"minecraft:shield":5,"minecraft:string":16,"iceandfire:manuscript":5,"minecraft:oak_trapdoor":3,"minecraft:dirt":156,"minecraft:paper":12,"minecraft:white_banner":1,"minecraft:iron_axe":3,"minecraft:cooked_salmon":69,"minecraft:iron_leggings":2,"minecraft:leather_boots":2,"minecraft:cooked_mutton":2,"iceandfire:bestiary":5,"minecraft:wheat_seeds":8,"minecraft:iron_ingot":66,"minecraft:beef":6,"minecraft:poppy":2,"minecraft:iron_pickaxe":11,"minecraft:chest":2,"minecraft:iron_sword":10,"minecraft:oak_planks":50,"minecraft:iron_boots":1,"minecraft:furnace":12,"minecraft:stick":51,"minecraft:raw_iron":58,"minecraft:sweet_berries":274,"minecraft:oak_fence":5,"minecraft:torch":73,"minecraft:porkchop":5,"minecraft:cherry_log":130,"minecraft:spruce_sapling":3,"minecraft:white_bed":1,"minecraft:leather_helmet":4,"minecraft:rotten_flesh":12,"minecraft:hay_block":7,"minecraft:iron_helmet":2,"minecraft:cherry_sapling":21,"minecraft:bread":77,"minecraft:emerald":13,"minecraft:mutton":41,"minecraft:coal":324,"minecraft:white_wool":85,"minecraft:cobblestone":91},"minecraft:dropped":{"minecraft:wheat_seeds":5,"minecraft:leather_helmet":2,"minecraft:leather_chestplate":1,"minecraft:leather_boots":1},"minecraft:custom":{"minecraft:interact_with_furnace":15,"spartanshields:shield_bash_hits":4,"minecraft:mob_kills":13,"minecraft:interact_with_crafting_table":20,"minecraft:leave_game":5,"minecraft:time_since_death":0,"minecraft:sleep_in_bed":3,"minecraft:climb_one_cm":36,"minecraft:time_since_rest":22,"minecraft:sprint_one_cm":408347,"minecraft:damage_taken":4022,"minecraft:walk_one_cm":246575,"minecraft:damage_blocked_by_shield":630,"minecraft:drop":9,"minecraft:damage_dealt":2158,"minecraft:swim_one_cm":33942,"minecraft:fly_one_cm":380720,"minecraft:talked_to_villager":2,"minecraft:open_chest":16,"minecraft:crouch_one_cm":1109,"minecraft:play_time":119900,"minecraft:deaths":23,"minecraft:sneak_time":599,"minecraft:walk_under_water_one_cm":2074,"minecraft:jump":1812,"minecraft:walk_on_water_one_cm":5814,"minecraft:total_world_time":119900,"minecraft:fall_one_cm":70910},"minecraft:killed_by":{"grimoireofgaia:cecaelia":1,"grimoireofgaia:minotaurus":1,"grimoireofgaia:harpy":1,"grimoireofgaia:spriggan":1,"minecraft:zombie":2,"minecraft:pillager":9,"grimoireofgaia:mandragora":1,"iceandfire:ghost":1,"grimoireofgaia:werecat":3},"minecraft:used":{"minecraft:cooked_mutton":1,"minecraft:oak_fence":1,"minecraft:wheat_seeds":2,"minecraft:stone_pickaxe":14,"minecraft:poppy":1,"minecraft:oak_planks":2,"minecraft:cooked_salmon":1,"minecraft:chest":4,"minecraft:wooden_pickaxe":4,"minecraft:iron_sword":29,"minecraft:leather_chestplate":2,"minecraft:shield":12,"minecraft:cherry_planks":5,"minecraft:leather_boots":1,"minecraft:iron_chestplate":1,"minecraft:dirt":46,"minecraft:crafting_table":4,"minecraft:white_bed":1,"minecraft:iron_pickaxe":67,"minecraft:iron_axe":50,"minecraft:bread":9,"minecraft:leather_helmet":1,"minecraft:iron_boots":1,"minecraft:cobblestone":3,"minecraft:sweet_berries":11,"minecraft:furnace":2,"alexsmobs:animal_dictionary":2,"minecraft:yellow_bed":7,"minecraft:cherry_log":2,"minecraft:iron_leggings":1,"minecraft:oak_trapdoor":1}},"DataVersion":3465}