{"stats":{"minecraft:killed_by":{"grimoireofgaia:spriggan":1,"minecraft:zombie":2,"minecraft:pillager":1,"grimoireofgaia:mandragora":1,"grimoireofgaia:werecat":3},"minecraft:crafted":{"minecraft:oak_planks":32,"minecraft:crafting_table":2,"minecraft:wooden_pickaxe":1,"minecraft:iron_sword":1,"minecraft:furnace":1,"minecraft:air":0,"minecraft:iron_boots":1,"minecraft:iron_chestplate":1,"minecraft:shield":1,"minecraft:iron_axe":1,"minecraft:stick":16,"minecraft:iron_ingot":16,"minecraft:iron_pickaxe":1,"minecraft:stone_pickaxe":1,"minecraft:iron_leggings":1},"minecraft:killed":{"grimoireofgaia:cyan_flower":1,"minecraft:spider":1,"minecraft:sheep":1},"minecraft:custom":{"minecraft:interact_with_furnace":12,"spartanshields:shield_bash_hits":4,"minecraft:mob_kills":3,"minecraft:interact_with_crafting_table":18,"minecraft:leave_game":1,"minecraft:time_since_death":8947,"minecraft:climb_one_cm":36,"minecraft:time_since_rest":9017,"minecraft:sprint_one_cm":171824,"minecraft:damage_taken":1434,"minecraft:walk_one_cm":136159,"minecraft:damage_blocked_by_shield":630,"minecraft:damage_dealt":1073,"minecraft:fly_one_cm":100877,"minecraft:open_chest":3,"minecraft:crouch_one_cm":529,"minecraft:play_time":64432,"minecraft:deaths":8,"minecraft:sneak_time":395,"minecraft:jump":596,"minecraft:total_world_time":64432,"minecraft:fall_one_cm":19929},"minecraft:mined":{"minecraft:cherry_log":25,"minecraft:crafting_table":1,"minecraft:grass_block":8,"minecraft:cobblestone":1,"minecraft:pink_petals":1,"minecraft:furnace":1,"minecraft:iron_ore":20,"minecraft:sweet_berry_bush":15,"minecraft:birch_leaves":2,"minecraft:grass":4,"minecraft:coal_ore":34,"minecraft:oak_log":13,"minecraft:cherry_leaves":16,"minecraft:dirt":8,"minecraft:cobweb":4,"minecraft:stone":24,"minecraft:oak_leaves":13,"minecraft:tripwire":2,"minecraft:fern":1},"minecraft:used":{"minecraft:stone_pickaxe":14,"minecraft:oak_planks":2,"minecraft:poppy":1,"minecraft:leather_chestplate":2,"minecraft:shield":10,"minecraft:wooden_pickaxe":4,"minecraft:iron_sword":24,"minecraft:leather_boots":1,"minecraft:dirt":11,"minecraft:crafting_table":3,"minecraft:iron_axe":31,"minecraft:bread":2,"minecraft:iron_pickaxe":62,"minecraft:leather_helmet":1,"minecraft:cobblestone":3,"minecraft:sweet_berries":11,"minecraft:furnace":2,"alexsmobs:animal_dictionary":2,"minecraft:iron_leggings":1},"minecraft:picked_up":{"minecraft:pink_petals":2,"minecraft:crafting_table":1,"minecraft:leather_chestplate":2,"minecraft:leather":4,"minecraft:oak_log":13,"minecraft:shield":4,"minecraft:string":6,"minecraft:dirt":90,"minecraft:cooked_salmon":14,"minecraft:leather_boots":2,"minecraft:iron_ingot":26,"minecraft:poppy":2,"minecraft:iron_pickaxe":5,"minecraft:oak_planks":45,"minecraft:iron_sword":5,"minecraft:furnace":6,"minecraft:stick":5,"minecraft:raw_iron":58,"minecraft:sweet_berries":109,"minecraft:torch":16,"minecraft:cherry_log":25,"minecraft:leather_helmet":4,"minecraft:cherry_sapling":3,"minecraft:bread":22,"minecraft:mutton":2,"minecraft:coal":107,"minecraft:white_wool":2,"minecraft:cobblestone":51}},"DataVersion":3465}