{"stats":{"minecraft:killed":{"minecraft:spider":1,"minecraft:chicken":1,"grimoireofgaia:cyan_flower":1,"minecraft:pig":1,"minecraft:sheep":9,"minecraft:pillager":1,"minecraft:zombie":1,"minecraft:cow":1},"minecraft:mined":{"minecraft:white_bed":1,"minecraft:candle":1,"minecraft:cherry_log":25,"minecraft:mangrove_roots":2,"minecraft:brewing_stand":1,"minecraft:grass_block":22,"minecraft:spruce_fence":1,"minecraft:spruce_leaves":26,"minecraft:hay_block":9,"minecraft:furnace":2,"minecraft:carrots":11,"minecraft:iron_ore":20,"graveyard:upper_bone_staff":1,"minecraft:flowering_azalea_leaves":1,"minecraft:stripped_oak_log":1,"minecraft:stone":24,"minecraft:spruce_slab":1,"minecraft:tripwire":2,"minecraft:blue_banner":1,"minecraft:red_bed":3,"minecraft:lily_of_the_valley":1,"minecraft:dandelion":1,"minecraft:oak_fence":1,"minecraft:crafting_table":2,"minecraft:note_block":2,"minecraft:chest":2,"minecraft:tall_grass":2,"minecraft:cobblestone":1,"minecraft:pink_petals":2,"minecraft:wheat":3,"minecraft:sweet_berry_bush":15,"minecraft:birch_leaves":2,"minecraft:yellow_bed":7,"minecraft:stone_brick_stairs":2,"minecraft:grass":8,"minecraft:oak_log":15,"minecraft:coal_ore":34,"minecraft:cherry_leaves":119,"minecraft:dirt":39,"minecraft:cobweb":6,"minecraft:cracked_stone_bricks":8,"minecraft:stone_bricks":6,"minecraft:oak_leaves":36,"minecraft:fern":1},"minecraft:crafted":{"minecraft:cherry_planks":44,"minecraft:oak_planks":40,"minecraft:furnace":1,"minecraft:cooked_mutton":1,"minecraft:iron_boots":1,"minecraft:iron_axe":1,"minecraft:stone_pickaxe":1,"minecraft:chest":2,"minecraft:wheat":72,"minecraft:crafting_table":4,"minecraft:wooden_pickaxe":1,"minecraft:iron_helmet":1,"minecraft:iron_sword":1,"minecraft:bread":24,"minecraft:air":0,"minecraft:iron_chestplate":1,"minecraft:shield":1,"minecraft:stick":16,"minecraft:iron_ingot":20,"minecraft:iron_pickaxe":1,"minecraft:iron_leggings":1},"minecraft:picked_up":{"minecraft:iron_chestplate":2,"minecraft:crafting_table":4,"minecraft:wheat":18,"minecraft:chicken":6,"iceandfire:armor_copper_metal_chestplate":1,"minecraft:stone_brick_stairs":1,"minecraft:brewing_stand":5,"minecraft:shield":5,"iceandfire:manuscript":5,"minecraft:oak_trapdoor":3,"minecraft:string":18,"minecraft:red_bed":3,"minecraft:iron_axe":3,"minecraft:cooked_salmon":69,"minecraft:iron_leggings":2,"jet_and_elias_armors:brute_armor_helmet":1,"iceandfire:bestiary":5,"minecraft:cracked_stone_bricks":8,"minecraft:candle":12,"minecraft:beef":6,"minecraft:poppy":2,"minecraft:iron_pickaxe":11,"minecraft:spruce_slab":1,"minecraft:chest":2,"minecraft:iron_boots":1,"minecraft:furnace":12,"minecraft:stick":63,"minecraft:raw_iron":58,"minecraft:oak_fence":5,"minecraft:copper_ingot":45,"iceandfire:armor_copper_metal_leggings":2,"minecraft:torch":85,"minecraft:spruce_fence":1,"minecraft:note_block":4,"minecraft:porkchop":6,"minecraft:cherry_log":159,"minecraft:diorite":2,"minecraft:carrot":9,"minecraft:arrow":3,"minecraft:rotten_flesh":12,"minecraft:hay_block":15,"minecraft:mangrove_roots":1,"minecraft:mutton":53,"minecraft:cobblestone":91,"minecraft:white_wool":116,"minecraft:stripped_oak_log":1,"minecraft:pink_petals":21,"minecraft:leather_chestplate":2,"minecraft:cherry_planks":30,"minecraft:leather":29,"minecraft:potato":10,"minecraft:oak_log":15,"minecraft:yellow_bed":9,"iceandfire:armor_copper_metal_helmet":1,"minecraft:dirt":182,"minecraft:paper":12,"minecraft:white_banner":1,"minecraft:leather_boots":3,"minecraft:cooked_mutton":2,"minecraft:bone":4,"minecraft:apple":1,"minecraft:stone_bricks":6,"minecraft:wheat_seeds":10,"minecraft:iron_ingot":75,"minecraft:iron_sword":10,"minecraft:oak_planks":54,"firstaid:plaster":7,"minecraft:sweet_berries":274,"minecraft:dandelion":1,"minecraft:spruce_sapling":3,"minecraft:white_bed":1,"minecraft:leather_helmet":4,"graveyard:upper_bone_staff":1,"minecraft:iron_helmet":4,"minecraft:cherry_sapling":30,"minecraft:emerald":13,"minecraft:bread":94,"minecraft:blue_banner":3,"minecraft:oak_sapling":1,"minecraft:coal":324},"minecraft:dropped":{"minecraft:wheat_seeds":5,"minecraft:leather_helmet":2,"minecraft:leather_chestplate":1,"minecraft:leather_boots":1},"minecraft:custom":{"minecraft:mob_kills":16,"minecraft:interact_with_crafting_table":23,"minecraft:open_barrel":7,"minecraft:leave_game":11,"minecraft:time_since_death":2701,"minecraft:climb_one_cm":1324,"minecraft:sprint_one_cm":663900,"minecraft:walk_one_cm":406065,"minecraft:damage_blocked_by_shield":630,"minecraft:drop":9,"minecraft:play_noteblock":2,"minecraft:talked_to_villager":3,"minecraft:play_time":184573,"minecraft:deaths":35,"minecraft:sneak_time":605,"minecraft:walk_under_water_one_cm":2074,"minecraft:jump":3125,"minecraft:interact_with_blast_furnace":2,"minecraft:walk_on_water_one_cm":6140,"minecraft:total_world_time":184573,"minecraft:interact_with_furnace":15,"spartanshields:shield_bash_hits":4,"minecraft:sleep_in_bed":5,"minecraft:time_since_rest":2765,"minecraft:damage_taken":5703,"minecraft:damage_dealt":2602,"minecraft:swim_one_cm":33942,"minecraft:fly_one_cm":672209,"minecraft:open_chest":37,"minecraft:crouch_one_cm":1109,"minecraft:fall_one_cm":126462,"minecraft:horse_one_cm":159507},"minecraft:killed_by":{"minecraft:pillager":13,"grimoireofgaia:mandragora":1,"grimoireofgaia:werecat":3,"grimoireofgaia:cecaelia":1,"iceandfire:ice_dragon":1,"grimoireofgaia:minotaurus":1,"grimoireofgaia:dullahan":1,"grimoireofgaia:harpy":2,"grimoireofgaia:spriggan":2,"minecraft:zombie":3,"iceandfire:ghost":1},"minecraft:used":{"minecraft:oak_trapdoor":1,"minecraft:oak_fence":1,"minecraft:spruce_slab":1,"minecraft:poppy":1,"minecraft:chest":4,"minecraft:shield":12,"minecraft:iron_sword":38,"minecraft:cooked_salmon":2,"minecraft:iron_chestplate":1,"minecraft:dirt":53,"minecraft:carrot":12,"minecraft:iron_axe":64,"minecraft:iron_helmet":1,"minecraft:iron_boots":1,"minecraft:sweet_berries":11,"minecraft:furnace":2,"minecraft:cherry_log":2,"minecraft:iron_leggings":1,"minecraft:wheat_seeds":2,"minecraft:cooked_mutton":1,"minecraft:diorite":2,"minecraft:leather_leggings":1,"minecraft:stone_pickaxe":14,"minecraft:oak_planks":2,"minecraft:wooden_pickaxe":4,"minecraft:leather_chestplate":2,"minecraft:cherry_planks":20,"minecraft:leather_boots":1,"minecraft:cracked_stone_bricks":8,"minecraft:crafting_table":6,"minecraft:red_bed":3,"minecraft:white_bed":1,"minecraft:bread":18,"minecraft:iron_pickaxe":87,"minecraft:leather_helmet":1,"minecraft:pink_petals":2,"minecraft:cobblestone":3,"minecraft:yellow_bed":7,"alexsmobs:animal_dictionary":2}},"DataVersion":3465}