{"stats":{"minecraft:killed_by":{"grimoireofgaia:spriggan":1,"minecraft:zombie":1,"minecraft:pillager":1},"minecraft:crafted":{"minecraft:oak_planks":32,"minecraft:shield":1,"minecraft:crafting_table":1,"minecraft:stick":8,"minecraft:wooden_pickaxe":1,"minecraft:iron_ingot":6,"minecraft:iron_pickaxe":1,"minecraft:stone_pickaxe":1,"minecraft:iron_sword":1,"minecraft:furnace":1,"minecraft:air":0},"minecraft:killed":{"minecraft:spider":1},"minecraft:custom":{"minecraft:time_since_rest":25340,"minecraft:interact_with_furnace":7,"minecraft:sprint_one_cm":21380,"minecraft:damage_taken":790,"minecraft:walk_one_cm":22212,"minecraft:mob_kills":1,"minecraft:damage_dealt":229,"minecraft:interact_with_crafting_table":11,"minecraft:fly_one_cm":20166,"minecraft:crouch_one_cm":529,"minecraft:play_time":31811,"minecraft:deaths":3,"minecraft:sneak_time":362,"minecraft:jump":119,"minecraft:time_since_death":25303,"minecraft:total_world_time":31811,"minecraft:fall_one_cm":5455},"minecraft:mined":{"minecraft:iron_ore":6,"minecraft:grass":2,"minecraft:grass_block":5,"minecraft:oak_log":13,"minecraft:dirt":4,"minecraft:stone":12,"minecraft:oak_leaves":8},"minecraft:used":{"minecraft:stone_pickaxe":14,"minecraft:oak_planks":2,"minecraft:wooden_pickaxe":4,"minecraft:dirt":5,"minecraft:crafting_table":1,"minecraft:furnace":1,"alexsmobs:animal_dictionary":2},"minecraft:picked_up":{"minecraft:raw_iron":6,"minecraft:oak_log":13,"minecraft:dirt":7,"minecraft:cobblestone":12}},"DataVersion":3465}