{"stats":{"minecraft:killed_by":{"grimoireofgaia:spriggan":1,"minecraft:zombie":1,"grimoireofgaia:werecat":3,"minecraft:pillager":1},"minecraft:crafted":{"minecraft:oak_planks":32,"minecraft:shield":1,"minecraft:crafting_table":1,"minecraft:stick":8,"minecraft:wooden_pickaxe":1,"minecraft:iron_ingot":6,"minecraft:iron_pickaxe":1,"minecraft:stone_pickaxe":1,"minecraft:iron_sword":1,"minecraft:furnace":1,"minecraft:air":0},"minecraft:killed":{"minecraft:spider":1},"minecraft:custom":{"minecraft:time_since_rest":5340,"minecraft:interact_with_furnace":7,"minecraft:sprint_one_cm":73644,"minecraft:damage_taken":1140,"minecraft:walk_one_cm":66140,"minecraft:damage_blocked_by_shield":90,"minecraft:mob_kills":1,"minecraft:damage_dealt":625,"minecraft:interact_with_crafting_table":11,"minecraft:fly_one_cm":54804,"minecraft:open_chest":1,"minecraft:crouch_one_cm":529,"minecraft:play_time":43811,"minecraft:deaths":6,"minecraft:sneak_time":363,"minecraft:jump":330,"minecraft:time_since_death":5315,"minecraft:climb_one_cm":36,"minecraft:total_world_time":43811,"minecraft:fall_one_cm":10543},"minecraft:mined":{"minecraft:furnace":1,"minecraft:iron_ore":16,"minecraft:birch_leaves":2,"minecraft:grass":3,"minecraft:coal_ore":29,"minecraft:grass_block":5,"minecraft:oak_log":13,"minecraft:dirt":4,"minecraft:stone":19,"minecraft:oak_leaves":13},"minecraft:used":{"minecraft:stone_pickaxe":14,"minecraft:iron_pickaxe":47,"minecraft:oak_planks":2,"minecraft:shield":1,"minecraft:wooden_pickaxe":4,"minecraft:iron_sword":7,"minecraft:dirt":8,"minecraft:cobblestone":2,"minecraft:crafting_table":1,"minecraft:furnace":1,"alexsmobs:animal_dictionary":2},"minecraft:picked_up":{"minecraft:stick":3,"minecraft:raw_iron":26,"minecraft:oak_log":13,"minecraft:shield":2,"minecraft:dirt":54,"minecraft:iron_pickaxe":3,"minecraft:coal":34,"minecraft:oak_planks":27,"minecraft:iron_sword":3,"minecraft:cobblestone":26,"minecraft:furnace":4}},"DataVersion":3465}