{"stats":{"minecraft:killed":{"grimoireofgaia:cyan_flower":1,"minecraft:pig":1,"minecraft:spider":1,"minecraft:sheep":5,"minecraft:chicken":1},"minecraft:crafted":{"minecraft:oak_planks":32,"minecraft:crafting_table":2,"minecraft:wooden_pickaxe":1,"minecraft:iron_helmet":1,"minecraft:iron_sword":1,"minecraft:furnace":1,"minecraft:cooked_mutton":1,"minecraft:air":0,"minecraft:iron_boots":1,"minecraft:iron_chestplate":1,"minecraft:shield":1,"minecraft:iron_axe":1,"minecraft:stick":16,"minecraft:iron_ingot":20,"minecraft:stone_pickaxe":1,"minecraft:iron_pickaxe":1,"minecraft:iron_leggings":1},"minecraft:mined":{"minecraft:white_bed":1,"minecraft:lily_of_the_valley":1,"minecraft:cherry_log":25,"minecraft:brewing_stand":1,"minecraft:oak_fence":1,"minecraft:crafting_table":2,"minecraft:grass_block":9,"minecraft:tall_grass":2,"minecraft:cobblestone":1,"minecraft:pink_petals":1,"minecraft:hay_block":1,"minecraft:furnace":2,"minecraft:wheat":3,"minecraft:iron_ore":20,"minecraft:sweet_berry_bush":15,"minecraft:birch_leaves":2,"minecraft:yellow_bed":2,"minecraft:grass":5,"minecraft:oak_log":13,"minecraft:coal_ore":34,"minecraft:cherry_leaves":16,"minecraft:dirt":12,"minecraft:cobweb":4,"minecraft:stone":24,"minecraft:oak_leaves":15,"minecraft:tripwire":2,"minecraft:fern":1},"minecraft:picked_up":{"minecraft:iron_chestplate":2,"minecraft:pink_petals":2,"minecraft:wheat":6,"minecraft:crafting_table":3,"minecraft:leather_chestplate":2,"minecraft:chicken":3,"minecraft:leather":9,"minecraft:potato":4,"iceandfire:manuscript":2,"minecraft:oak_log":13,"minecraft:brewing_stand":3,"minecraft:yellow_bed":4,"minecraft:shield":5,"minecraft:paper":4,"minecraft:oak_trapdoor":2,"minecraft:dirt":126,"minecraft:string":10,"minecraft:cooked_salmon":33,"minecraft:iron_leggings":2,"minecraft:cooked_mutton":2,"minecraft:leather_boots":2,"iceandfire:bestiary":2,"minecraft:wheat_seeds":8,"minecraft:iron_ingot":34,"minecraft:poppy":2,"minecraft:iron_pickaxe":7,"minecraft:oak_planks":47,"minecraft:iron_sword":7,"minecraft:iron_boots":1,"minecraft:furnace":9,"minecraft:stick":21,"minecraft:raw_iron":58,"minecraft:sweet_berries":175,"minecraft:oak_fence":3,"minecraft:torch":36,"minecraft:porkchop":3,"minecraft:cherry_log":75,"minecraft:white_bed":1,"minecraft:leather_helmet":4,"minecraft:iron_helmet":2,"minecraft:hay_block":3,"minecraft:cherry_sapling":9,"minecraft:emerald":3,"minecraft:bread":49,"minecraft:mutton":20,"minecraft:coal":200,"minecraft:white_wool":25,"minecraft:cobblestone":71},"minecraft:dropped":{"minecraft:wheat_seeds":5,"minecraft:leather_helmet":2,"minecraft:leather_chestplate":1,"minecraft:leather_boots":1},"minecraft:custom":{"minecraft:interact_with_furnace":15,"spartanshields:shield_bash_hits":4,"minecraft:mob_kills":9,"minecraft:interact_with_crafting_table":19,"minecraft:leave_game":2,"minecraft:time_since_death":3625,"minecraft:sleep_in_bed":1,"minecraft:climb_one_cm":36,"minecraft:time_since_rest":3756,"minecraft:sprint_one_cm":255356,"minecraft:damage_taken":2557,"minecraft:walk_one_cm":187230,"minecraft:damage_blocked_by_shield":630,"minecraft:drop":9,"minecraft:damage_dealt":1553,"minecraft:swim_one_cm":30333,"minecraft:talked_to_villager":2,"minecraft:fly_one_cm":220510,"minecraft:open_chest":11,"minecraft:crouch_one_cm":735,"minecraft:play_time":91235,"minecraft:deaths":12,"minecraft:sneak_time":497,"minecraft:walk_under_water_one_cm":1569,"minecraft:jump":1050,"minecraft:walk_on_water_one_cm":3749,"minecraft:total_world_time":91235,"minecraft:fall_one_cm":48396},"minecraft:killed_by":{"grimoireofgaia:cecaelia":1,"grimoireofgaia:minotaurus":1,"grimoireofgaia:harpy":1,"grimoireofgaia:spriggan":1,"minecraft:zombie":2,"minecraft:pillager":1,"iceandfire:ghost":1,"grimoireofgaia:mandragora":1,"grimoireofgaia:werecat":3},"minecraft:used":{"minecraft:cooked_mutton":1,"minecraft:wheat_seeds":2,"minecraft:oak_fence":1,"minecraft:stone_pickaxe":14,"minecraft:oak_planks":2,"minecraft:poppy":1,"minecraft:wooden_pickaxe":4,"minecraft:leather_chestplate":2,"minecraft:shield":12,"minecraft:iron_sword":25,"minecraft:cooked_salmon":1,"minecraft:leather_boots":1,"minecraft:iron_chestplate":1,"minecraft:dirt":16,"minecraft:crafting_table":3,"minecraft:white_bed":1,"minecraft:iron_axe":40,"minecraft:bread":4,"minecraft:iron_pickaxe":65,"minecraft:leather_helmet":1,"minecraft:iron_boots":1,"minecraft:cobblestone":3,"minecraft:sweet_berries":11,"minecraft:furnace":2,"minecraft:yellow_bed":1,"alexsmobs:animal_dictionary":2,"minecraft:iron_leggings":1}},"DataVersion":3465}