{"stats":{"minecraft:killed":{"minecraft:spider":1,"minecraft:chicken":1,"grimoireofgaia:cyan_flower":1,"minecraft:pig":1,"minecraft:sheep":6,"minecraft:pillager":1,"minecraft:zombie":1,"minecraft:cow":1},"minecraft:mined":{"minecraft:white_bed":1,"minecraft:cherry_log":25,"minecraft:mangrove_roots":1,"minecraft:brewing_stand":1,"minecraft:grass_block":13,"minecraft:spruce_leaves":26,"minecraft:hay_block":4,"minecraft:furnace":2,"minecraft:carrots":11,"minecraft:iron_ore":20,"minecraft:stone":24,"minecraft:tripwire":2,"minecraft:lily_of_the_valley":1,"minecraft:oak_fence":1,"minecraft:crafting_table":2,"minecraft:chest":2,"minecraft:tall_grass":2,"minecraft:cobblestone":1,"minecraft:pink_petals":1,"minecraft:sweet_berry_bush":15,"minecraft:wheat":3,"minecraft:birch_leaves":2,"minecraft:yellow_bed":7,"minecraft:stone_brick_stairs":2,"minecraft:grass":7,"minecraft:oak_log":13,"minecraft:coal_ore":34,"minecraft:cherry_leaves":16,"minecraft:dirt":22,"minecraft:cobweb":5,"minecraft:cracked_stone_bricks":5,"minecraft:stone_bricks":6,"minecraft:oak_leaves":18,"minecraft:fern":1},"minecraft:crafted":{"minecraft:cherry_planks":24,"minecraft:oak_planks":32,"minecraft:furnace":1,"minecraft:cooked_mutton":1,"minecraft:iron_boots":1,"minecraft:iron_axe":1,"minecraft:stone_pickaxe":1,"minecraft:chest":2,"minecraft:crafting_table":2,"minecraft:wooden_pickaxe":1,"minecraft:iron_helmet":1,"minecraft:iron_sword":1,"minecraft:air":0,"minecraft:iron_chestplate":1,"minecraft:shield":1,"minecraft:stick":16,"minecraft:iron_ingot":20,"minecraft:iron_pickaxe":1,"minecraft:iron_leggings":1},"minecraft:picked_up":{"minecraft:iron_chestplate":2,"minecraft:crafting_table":4,"minecraft:wheat":18,"minecraft:chicken":6,"minecraft:stone_brick_stairs":1,"minecraft:brewing_stand":5,"minecraft:shield":5,"iceandfire:manuscript":5,"minecraft:oak_trapdoor":3,"minecraft:string":17,"minecraft:iron_axe":3,"minecraft:cooked_salmon":69,"minecraft:iron_leggings":2,"minecraft:cracked_stone_bricks":5,"iceandfire:bestiary":5,"minecraft:beef":6,"minecraft:poppy":2,"minecraft:iron_pickaxe":11,"minecraft:chest":2,"minecraft:iron_boots":1,"minecraft:furnace":12,"minecraft:stick":51,"minecraft:raw_iron":58,"minecraft:oak_fence":5,"minecraft:torch":85,"minecraft:porkchop":5,"minecraft:cherry_log":147,"minecraft:carrot":9,"minecraft:arrow":3,"minecraft:rotten_flesh":12,"minecraft:hay_block":10,"minecraft:mangrove_roots":1,"minecraft:mutton":41,"minecraft:white_wool":85,"minecraft:cobblestone":91,"minecraft:pink_petals":12,"minecraft:leather_chestplate":2,"minecraft:cherry_planks":23,"minecraft:leather":29,"minecraft:potato":10,"minecraft:oak_log":13,"minecraft:yellow_bed":9,"minecraft:paper":12,"minecraft:dirt":156,"minecraft:white_banner":1,"minecraft:cooked_mutton":2,"minecraft:leather_boots":2,"minecraft:bone":4,"minecraft:stone_bricks":5,"minecraft:wheat_seeds":8,"minecraft:iron_ingot":66,"minecraft:oak_planks":50,"minecraft:iron_sword":10,"minecraft:sweet_berries":274,"minecraft:spruce_sapling":3,"minecraft:white_bed":1,"minecraft:leather_helmet":4,"minecraft:iron_helmet":2,"minecraft:cherry_sapling":21,"minecraft:emerald":13,"minecraft:bread":77,"minecraft:coal":324},"minecraft:dropped":{"minecraft:wheat_seeds":5,"minecraft:leather_helmet":2,"minecraft:leather_chestplate":1,"minecraft:leather_boots":1},"minecraft:custom":{"minecraft:mob_kills":13,"minecraft:interact_with_crafting_table":20,"minecraft:open_barrel":1,"minecraft:leave_game":5,"minecraft:time_since_death":17426,"minecraft:climb_one_cm":36,"minecraft:sprint_one_cm":505347,"minecraft:walk_one_cm":297121,"minecraft:damage_blocked_by_shield":630,"minecraft:drop":9,"minecraft:talked_to_villager":2,"minecraft:play_time":138339,"minecraft:deaths":24,"minecraft:sneak_time":601,"minecraft:walk_under_water_one_cm":2074,"minecraft:jump":2295,"minecraft:walk_on_water_one_cm":5814,"minecraft:total_world_time":138339,"minecraft:interact_with_furnace":15,"spartanshields:shield_bash_hits":4,"minecraft:sleep_in_bed":4,"minecraft:time_since_rest":5569,"minecraft:damage_taken":4192,"minecraft:damage_dealt":2352,"minecraft:swim_one_cm":33942,"minecraft:fly_one_cm":506091,"minecraft:open_chest":28,"minecraft:crouch_one_cm":1109,"minecraft:fall_one_cm":90065},"minecraft:killed_by":{"minecraft:pillager":10,"grimoireofgaia:mandragora":1,"grimoireofgaia:werecat":3,"grimoireofgaia:cecaelia":1,"grimoireofgaia:minotaurus":1,"grimoireofgaia:harpy":1,"grimoireofgaia:spriggan":1,"minecraft:zombie":2,"iceandfire:ghost":1},"minecraft:used":{"minecraft:oak_trapdoor":1,"minecraft:oak_fence":1,"minecraft:poppy":1,"minecraft:chest":4,"minecraft:shield":12,"minecraft:iron_sword":36,"minecraft:cooked_salmon":1,"minecraft:iron_chestplate":1,"minecraft:dirt":46,"minecraft:carrot":12,"minecraft:iron_axe":56,"minecraft:iron_boots":1,"minecraft:sweet_berries":11,"minecraft:furnace":2,"minecraft:cherry_log":2,"minecraft:iron_leggings":1,"minecraft:wheat_seeds":2,"minecraft:cooked_mutton":1,"minecraft:diorite":2,"minecraft:stone_pickaxe":14,"minecraft:oak_planks":2,"minecraft:leather_chestplate":2,"minecraft:wooden_pickaxe":4,"minecraft:cherry_planks":6,"minecraft:leather_boots":1,"minecraft:crafting_table":4,"minecraft:white_bed":1,"minecraft:bread":9,"minecraft:iron_pickaxe":82,"minecraft:leather_helmet":1,"minecraft:pink_petals":2,"minecraft:cobblestone":3,"minecraft:yellow_bed":7,"alexsmobs:animal_dictionary":2}},"DataVersion":3465}