{"stats":{"minecraft:killed":{"grimoireofgaia:cyan_flower":1,"minecraft:pig":1,"minecraft:spider":1,"minecraft:sheep":5,"minecraft:chicken":1},"minecraft:mined":{"minecraft:white_bed":1,"minecraft:lily_of_the_valley":1,"minecraft:cherry_log":25,"minecraft:brewing_stand":1,"minecraft:oak_fence":1,"minecraft:crafting_table":2,"minecraft:grass_block":13,"minecraft:chest":2,"minecraft:tall_grass":2,"minecraft:cobblestone":1,"minecraft:pink_petals":1,"minecraft:hay_block":1,"minecraft:furnace":2,"minecraft:wheat":3,"minecraft:iron_ore":20,"minecraft:sweet_berry_bush":15,"minecraft:birch_leaves":2,"minecraft:yellow_bed":4,"minecraft:grass":6,"minecraft:oak_log":13,"minecraft:coal_ore":34,"minecraft:cherry_leaves":16,"minecraft:dirt":21,"minecraft:cobweb":4,"minecraft:stone":24,"minecraft:oak_leaves":15,"minecraft:tripwire":2,"minecraft:fern":1},"minecraft:crafted":{"minecraft:cherry_planks":24,"minecraft:oak_planks":32,"minecraft:crafting_table":2,"minecraft:wooden_pickaxe":1,"minecraft:iron_helmet":1,"minecraft:iron_sword":1,"minecraft:furnace":1,"minecraft:cooked_mutton":1,"minecraft:air":0,"minecraft:iron_boots":1,"minecraft:iron_chestplate":1,"minecraft:shield":1,"minecraft:iron_axe":1,"minecraft:stick":16,"minecraft:iron_ingot":20,"minecraft:stone_pickaxe":1,"minecraft:iron_pickaxe":1,"minecraft:chest":2,"minecraft:iron_leggings":1},"minecraft:picked_up":{"minecraft:iron_chestplate":2,"minecraft:pink_petals":6,"minecraft:wheat":12,"minecraft:crafting_table":4,"minecraft:leather_chestplate":2,"minecraft:chicken":4,"minecraft:cherry_planks":8,"minecraft:leather":12,"minecraft:potato":6,"iceandfire:manuscript":3,"minecraft:oak_log":13,"minecraft:brewing_stand":4,"minecraft:yellow_bed":6,"minecraft:shield":5,"minecraft:paper":6,"minecraft:oak_trapdoor":3,"minecraft:dirt":155,"minecraft:string":12,"minecraft:iron_axe":1,"minecraft:cooked_salmon":45,"minecraft:iron_leggings":2,"minecraft:cooked_mutton":2,"minecraft:leather_boots":2,"iceandfire:bestiary":3,"minecraft:wheat_seeds":8,"minecraft:iron_ingot":42,"minecraft:poppy":2,"minecraft:iron_pickaxe":8,"minecraft:chest":2,"minecraft:oak_planks":48,"minecraft:iron_sword":8,"minecraft:iron_boots":1,"minecraft:furnace":10,"minecraft:stick":29,"minecraft:raw_iron":58,"minecraft:sweet_berries":208,"minecraft:oak_fence":4,"minecraft:torch":48,"minecraft:porkchop":4,"minecraft:cherry_log":94,"minecraft:white_bed":1,"minecraft:leather_helmet":4,"minecraft:rotten_flesh":4,"minecraft:iron_helmet":2,"minecraft:hay_block":4,"minecraft:cherry_sapling":12,"minecraft:emerald":6,"minecraft:bread":49,"minecraft:mutton":26,"minecraft:coal":231,"minecraft:white_wool":39,"minecraft:cobblestone":81},"minecraft:dropped":{"minecraft:wheat_seeds":5,"minecraft:leather_helmet":2,"minecraft:leather_chestplate":1,"minecraft:leather_boots":1},"minecraft:custom":{"minecraft:interact_with_furnace":15,"spartanshields:shield_bash_hits":4,"minecraft:mob_kills":9,"minecraft:interact_with_crafting_table":20,"minecraft:leave_game":2,"minecraft:time_since_death":10290,"minecraft:sleep_in_bed":2,"minecraft:climb_one_cm":36,"minecraft:time_since_rest":1424,"minecraft:sprint_one_cm":296879,"minecraft:damage_taken":2637,"minecraft:walk_one_cm":204542,"minecraft:damage_blocked_by_shield":630,"minecraft:drop":9,"minecraft:damage_dealt":1553,"minecraft:swim_one_cm":33942,"minecraft:talked_to_villager":2,"minecraft:fly_one_cm":266870,"minecraft:open_chest":15,"minecraft:crouch_one_cm":1109,"minecraft:play_time":103235,"minecraft:deaths":13,"minecraft:sneak_time":579,"minecraft:walk_under_water_one_cm":2074,"minecraft:jump":1321,"minecraft:walk_on_water_one_cm":5320,"minecraft:total_world_time":103235,"minecraft:fall_one_cm":55827},"minecraft:killed_by":{"grimoireofgaia:cecaelia":1,"grimoireofgaia:minotaurus":1,"grimoireofgaia:harpy":1,"grimoireofgaia:spriggan":1,"minecraft:zombie":2,"minecraft:pillager":1,"iceandfire:ghost":1,"grimoireofgaia:mandragora":1,"grimoireofgaia:werecat":3},"minecraft:used":{"minecraft:cooked_mutton":1,"minecraft:wheat_seeds":2,"minecraft:oak_fence":1,"minecraft:stone_pickaxe":14,"minecraft:oak_planks":2,"minecraft:poppy":1,"minecraft:chest":4,"minecraft:wooden_pickaxe":4,"minecraft:leather_chestplate":2,"minecraft:shield":12,"minecraft:iron_sword":25,"minecraft:cooked_salmon":1,"minecraft:leather_boots":1,"minecraft:iron_chestplate":1,"minecraft:dirt":45,"minecraft:crafting_table":4,"minecraft:white_bed":1,"minecraft:iron_axe":42,"minecraft:bread":6,"minecraft:iron_pickaxe":65,"minecraft:leather_helmet":1,"minecraft:iron_boots":1,"minecraft:cobblestone":3,"minecraft:sweet_berries":11,"minecraft:furnace":2,"minecraft:yellow_bed":3,"alexsmobs:animal_dictionary":2,"minecraft:iron_leggings":1,"minecraft:oak_trapdoor":1}},"DataVersion":3465}