{"stats":{"minecraft:dropped":{"minecraft:torch":1,"minecraft:stone_sword":1,"minecraft:stone_pickaxe":1},"minecraft:used":{"minecraft:oak_log":2,"minecraft:stone_sword":71,"iceandfire:armor_copper_metal_leggings":1,"spartanshields:stone_basic_shield":2,"minecraft:bread":3,"minecraft:stone_pickaxe":51,"minecraft:baked_potato":4,"minecraft:chest":1,"minecraft:wooden_pickaxe":9,"minecraft:torch":13,"minecraft:stone_axe":13,"minecraft:red_bed":1,"iceandfire:armor_copper_metal_helmet":1,"alexsmobs:animal_dictionary":2},"minecraft:mined":{"iceandfire:silver_ore":3,"minecraft:red_bed":1,"minecraft:grass":4,"minecraft:coal_ore":16,"minecraft:grass_block":6,"minecraft:oak_log":24,"minecraft:vine":7,"minecraft:dirt":4,"minecraft:cobweb":48,"minecraft:copper_ore":15,"minecraft:spruce_leaves":4,"minecraft:stone":24,"minecraft:oak_leaves":4,"minecraft:wall_torch":1},"minecraft:broken":{"minecraft:stone_sword":1},"minecraft:custom":{"minecraft:time_since_rest":11250,"minecraft:interact_with_furnace":29,"minecraft:sprint_one_cm":229366,"minecraft:damage_taken":316,"minecraft:walk_one_cm":216181,"minecraft:damage_blocked_by_shield":120,"minecraft:drop":3,"minecraft:damage_dealt":147,"minecraft:talked_to_villager":1,"minecraft:interact_with_crafting_table":18,"minecraft:fly_one_cm":175528,"minecraft:open_chest":18,"minecraft:crouch_one_cm":69,"minecraft:play_time":70246,"minecraft:deaths":1,"minecraft:sneak_time":158,"minecraft:walk_under_water_one_cm":102,"minecraft:jump":947,"minecraft:walk_on_water_one_cm":658,"minecraft:leave_game":1,"minecraft:time_since_death":44313,"minecraft:sleep_in_bed":5,"minecraft:climb_one_cm":8221,"minecraft:total_world_time":70246,"minecraft:fall_one_cm":12698},"minecraft:killed_by":{"grimoireofgaia:minotaurus":1},"minecraft:picked_up":{"minecraft:torch":2,"minecraft:oak_log":24,"minecraft:stone_sword":1,"minecraft:red_bed":1,"minecraft:string":48,"minecraft:dirt":10,"minecraft:raw_copper":59,"minecraft:tnt_minecart":3,"minecraft:stone_pickaxe":1,"minecraft:coal":15,"iceandfire:raw_silver":3,"minecraft:cobblestone":24,"minecraft:egg":1},"minecraft:crafted":{"minecraft:oak_planks":44,"iceandfire:silver_ingot":2,"minecraft:ladder":3,"minecraft:stick":28,"minecraft:baked_potato":6,"iceandfire:armor_copper_metal_chestplate":1,"minecraft:wooden_pickaxe":1,"minecraft:stone_pickaxe":1,"minecraft:chest":1,"minecraft:stone_sword":2,"spartanshields:wooden_basic_shield":1,"iceandfire:armor_copper_metal_leggings":1,"spartanshields:stone_basic_shield":1,"minecraft:copper_ingot":25,"minecraft:torch":12,"minecraft:stone_axe":1,"iceandfire:armor_copper_metal_helmet":1,"iceandfire:armor_copper_metal_boots":1}},"DataVersion":3465}