{"stats":{"minecraft:killed_by":{"grimoireofgaia:minotaurus":2,"minecraft:skeleton":4,"grimoireofgaia:harpy":5,"grimoireofgaia:spriggan":2,"minecraft:pillager":17,"iceandfire:ghost":7,"grimoireofgaia:dwarf":1,"grimoireofgaia:werecat":1},"minecraft:crafted":{"minecraft:wooden_sword":1,"minecraft:oak_planks":36,"minecraft:crafting_table":2,"minecraft:spruce_planks":20,"minecraft:wooden_pickaxe":2,"minecraft:iron_sword":1,"spartanshields:stone_basic_shield":1,"minecraft:stone_axe":1,"minecraft:shield":1,"minecraft:stick":40,"minecraft:iron_ingot":1,"minecraft:stone_pickaxe":1,"minecraft:wooden_axe":2,"spartanshields:wooden_basic_shield":1,"minecraft:dark_oak_planks":8,"minecraft:torch":64},"minecraft:killed":{"minecraft:pillager":3,"alexsmobs:fly":1},"minecraft:custom":{"minecraft:interact_with_furnace":3,"minecraft:mob_kills":5,"minecraft:interact_with_crafting_table":21,"minecraft:leave_game":3,"minecraft:time_since_death":17529,"minecraft:sleep_in_bed":4,"minecraft:time_since_rest":17554,"minecraft:sprint_one_cm":228446,"minecraft:damage_taken":6032,"minecraft:walk_one_cm":248166,"minecraft:damage_blocked_by_shield":240,"minecraft:trigger_trapped_chest":2,"minecraft:drop":3,"minecraft:damage_dealt":957,"minecraft:talked_to_villager":1,"minecraft:fly_one_cm":171966,"minecraft:open_chest":43,"minecraft:play_time":88251,"minecraft:deaths":40,"minecraft:sneak_time":5,"minecraft:jump":1279,"minecraft:walk_on_water_one_cm":1866,"minecraft:total_world_time":88251,"minecraft:fall_one_cm":44403},"minecraft:mined":{"iceandfire:graveyard_soil":2,"minecraft:glass_pane":2,"iceandfire:silver_ore":1,"minecraft:red_bed":1,"minecraft:dark_oak_log":5,"minecraft:crafting_table":3,"minecraft:grass_block":14,"minecraft:cobblestone":2,"minecraft:tall_grass":2,"minecraft:spruce_leaves":1,"minecraft:potted_oak_sapling":1,"minecraft:oak_planks":8,"minecraft:birch_log":2,"minecraft:iron_ore":1,"minecraft:fire":3,"minecraft:spruce_log":13,"minecraft:pumpkin":1,"minecraft:white_wall_banner":2,"minecraft:grass":5,"minecraft:oak_log":11,"minecraft:coal_ore":81,"minecraft:beetroots":5,"minecraft:vine":1,"minecraft:dirt":15,"minecraft:white_banner":1,"minecraft:stone":40,"minecraft:oak_leaves":30},"minecraft:dropped":{"minecraft:iron_ingot":3},"minecraft:used":{"minecraft:stone_pickaxe":100,"minecraft:wooden_pickaxe":29,"minecraft:leather_chestplate":1,"minecraft:shield":4,"minecraft:iron_sword":1,"minecraft:leather_boots":6,"minecraft:torch":9,"minecraft:dirt":14,"minecraft:crafting_table":3,"minecraft:red_bed":1,"minecraft:carrot":6,"minecraft:oak_log":2,"minecraft:wooden_axe":16,"minecraft:leather_helmet":4,"minecraft:cobblestone":2},"minecraft:picked_up":{"minecraft:wooden_axe":1,"minecraft:birch_log":2,"minecraft:wheat":4,"minecraft:crafting_table":6,"minecraft:leather_chestplate":1,"illagerinvasion:platinum_chunk":7,"minecraft:flower_pot":1,"minecraft:leather_leggings":1,"minecraft:wooden_pickaxe":3,"minecraft:oak_log":11,"minecraft:shield":3,"minecraft:dirt":27,"minecraft:string":2,"minecraft:red_bed":1,"minecraft:white_banner":2,"minecraft:wooden_sword":2,"minecraft:leather_boots":6,"minecraft:bone":14,"minecraft:beetroot":3,"minecraft:wheat_seeds":3,"minecraft:gold_nugget":1,"minecraft:iron_ingot":9,"spartanshields:wooden_basic_shield":1,"minecraft:iron_nugget":1,"minecraft:oak_planks":17,"minecraft:stick":6,"minecraft:raw_iron":1,"minecraft:pumpkin":1,"minecraft:composter":2,"minecraft:torch":12,"minecraft:carrot":6,"minecraft:spruce_log":12,"minecraft:dark_oak_log":7,"minecraft:leather_helmet":6,"minecraft:stone_sword":1,"iceandfire:silver_ingot":8,"minecraft:diamond":2,"minecraft:beetroot_seeds":13,"minecraft:crossbow":1,"minecraft:emerald":3,"minecraft:bread":1,"alexsmobs:maggot":2,"minecraft:oak_sapling":1,"minecraft:coal":83,"iceandfire:raw_silver":1,"minecraft:cobblestone":50}},"DataVersion":3465}