{"stats":{"minecraft:crafted":{"minecraft:oak_planks":12,"minecraft:crafting_table":1},"minecraft:killed_by":{"grimoireofgaia:minotaurus":2,"minecraft:skeleton":4,"grimoireofgaia:harpy":2,"grimoireofgaia:spriggan":2,"iceandfire:ghost":3,"grimoireofgaia:werecat":1},"minecraft:custom":{"minecraft:open_chest":1,"minecraft:time_since_rest":487,"minecraft:walk_one_cm":32779,"minecraft:play_time":11367,"minecraft:sprint_one_cm":46542,"minecraft:damage_taken":3130,"minecraft:deaths":14,"minecraft:jump":194,"minecraft:damage_dealt":77,"minecraft:time_since_death":455,"minecraft:total_world_time":11367,"minecraft:fall_one_cm":15106,"minecraft:fly_one_cm":36349},"minecraft:mined":{"minecraft:grass_block":6,"minecraft:oak_log":3,"minecraft:dirt":5,"minecraft:birch_log":2,"minecraft:oak_leaves":11},"minecraft:picked_up":{"minecraft:birch_log":2,"minecraft:crafting_table":2,"minecraft:oak_log":3,"minecraft:dirt":10}},"DataVersion":3465}