{"stats":{"minecraft:killed_by":{"iceandfire:ghost":7,"grimoireofgaia:minotaurus":2,"minecraft:skeleton":4,"grimoireofgaia:harpy":3,"grimoireofgaia:spriggan":2,"grimoireofgaia:werecat":1,"minecraft:pillager":3},"minecraft:crafted":{"minecraft:oak_planks":12,"minecraft:shield":1,"minecraft:crafting_table":1,"minecraft:stick":4,"minecraft:iron_ingot":1,"minecraft:iron_sword":1},"minecraft:custom":{"minecraft:time_since_rest":411,"minecraft:interact_with_furnace":1,"minecraft:sprint_one_cm":126592,"minecraft:damage_taken":4134,"minecraft:walk_one_cm":102130,"minecraft:trigger_trapped_chest":2,"minecraft:drop":3,"minecraft:damage_dealt":167,"minecraft:interact_with_crafting_table":6,"minecraft:fly_one_cm":108138,"minecraft:open_chest":20,"minecraft:play_time":35367,"minecraft:deaths":22,"minecraft:sneak_time":3,"minecraft:jump":579,"minecraft:time_since_death":372,"minecraft:sleep_in_bed":1,"minecraft:total_world_time":35367,"minecraft:fall_one_cm":30601},"minecraft:mined":{"iceandfire:graveyard_soil":2,"minecraft:glass_pane":2,"minecraft:birch_log":2,"minecraft:crafting_table":1,"minecraft:grass":3,"minecraft:grass_block":11,"minecraft:oak_log":5,"minecraft:vine":1,"minecraft:dirt":5,"minecraft:tall_grass":2,"minecraft:oak_planks":8,"minecraft:oak_leaves":25},"minecraft:dropped":{"minecraft:iron_ingot":3},"minecraft:used":{"minecraft:oak_log":2,"minecraft:leather_helmet":2,"minecraft:leather_chestplate":1,"minecraft:iron_sword":1,"minecraft:leather_boots":2,"minecraft:dirt":5,"minecraft:crafting_table":2},"minecraft:picked_up":{"minecraft:birch_log":2,"minecraft:wheat":4,"minecraft:stick":3,"minecraft:crafting_table":3,"minecraft:leather_chestplate":1,"minecraft:leather_leggings":1,"minecraft:torch":12,"minecraft:oak_log":5,"minecraft:carrot":6,"minecraft:shield":1,"minecraft:dark_oak_log":2,"minecraft:string":1,"minecraft:dirt":15,"minecraft:leather_helmet":5,"minecraft:wooden_sword":1,"minecraft:leather_boots":3,"iceandfire:silver_ingot":8,"minecraft:bone":14,"minecraft:diamond":2,"minecraft:iron_ingot":9,"minecraft:bread":1,"minecraft:iron_nugget":1,"alexsmobs:maggot":2,"minecraft:oak_planks":8}},"DataVersion":3465}