{"stats":{"minecraft:killed_by":{"minecraft:player":1,"minecraft:pillager":19,"grimoireofgaia:werecat":1,"grimoireofgaia:bone_knight":1,"grimoireofgaia:minotaurus":2,"minecraft:skeleton":4,"grimoireofgaia:harpy":5,"grimoireofgaia:spriggan":3,"grimoireofgaia:banshee":1,"iceandfire:ghost":7,"grimoireofgaia:dwarf":1},"minecraft:crafted":{"minecraft:wooden_sword":1,"minecraft:oak_planks":52,"minecraft:furnace":1,"iceandfire:armor_copper_metal_leggings":1,"iceandfire:armor_copper_metal_helmet":1,"iceandfire:armor_copper_metal_boots":1,"minecraft:stone_pickaxe":2,"iceandfire:armor_copper_metal_chestplate":1,"minecraft:chest":1,"jet_and_elias_armors:brute_armor_helmet":1,"minecraft:dark_oak_planks":8,"minecraft:stone_hoe":1,"iceandfire:silver_ingot":8,"minecraft:crafting_table":2,"minecraft:spruce_planks":20,"minecraft:iron_helmet":1,"minecraft:wooden_pickaxe":2,"minecraft:baked_potato":28,"minecraft:iron_sword":2,"spartanshields:stone_basic_shield":1,"minecraft:copper_ingot":101,"minecraft:bucket":1,"minecraft:stone_axe":1,"minecraft:shield":1,"minecraft:stick":56,"minecraft:iron_ingot":32,"minecraft:iron_pickaxe":1,"minecraft:wooden_axe":2,"spartanshields:wooden_basic_shield":1,"minecraft:torch":104},"minecraft:broken":{"minecraft:stone_pickaxe":1},"minecraft:killed":{"minecraft:spider":2,"minecraft:bat":3,"minecraft:pillager":6,"minecraft:zombie":1,"alexsmobs:fly":1},"minecraft:custom":{"minecraft:mob_kills":14,"minecraft:interact_with_crafting_table":50,"minecraft:leave_game":3,"minecraft:time_since_death":263,"minecraft:sprint_one_cm":400488,"minecraft:walk_one_cm":538991,"minecraft:damage_blocked_by_shield":975,"minecraft:drop":36,"minecraft:talked_to_villager":1,"minecraft:play_time":202080,"minecraft:deaths":46,"minecraft:sneak_time":103,"minecraft:walk_under_water_one_cm":233,"minecraft:jump":2702,"minecraft:walk_on_water_one_cm":8330,"minecraft:total_world_time":202080,"minecraft:interact_with_furnace":73,"spartanshields:shield_bash_hits":2,"minecraft:pot_flower":1,"minecraft:sleep_in_bed":6,"minecraft:time_since_rest":293,"minecraft:damage_taken":7060,"minecraft:trigger_trapped_chest":2,"minecraft:damage_dealt":2680,"minecraft:player_kills":2,"minecraft:fly_one_cm":226580,"minecraft:open_chest":125,"minecraft:fall_one_cm":61888},"minecraft:mined":{"iceandfire:graveyard_soil":2,"iceandfire:silver_ore":14,"minecraft:dark_oak_log":5,"minecraft:granite":2,"minecraft:grass_block":14,"minecraft:spruce_leaves":1,"minecraft:redstone_ore":5,"minecraft:furnace":2,"minecraft:iron_ore":23,"minecraft:fire":3,"minecraft:andesite":2,"minecraft:pumpkin":1,"minecraft:polished_deepslate_slab":1,"minecraft:deepslate_iron_ore":8,"minecraft:vine":1,"minecraft:iron_bars":2,"minecraft:stone":114,"minecraft:white_banner":1,"minecraft:glass_pane":2,"minecraft:red_bed":2,"minecraft:crafting_table":3,"minecraft:emerald_ore":4,"minecraft:cobblestone":3,"minecraft:tall_grass":4,"minecraft:copper_ore":28,"minecraft:lapis_ore":11,"minecraft:potted_oak_sapling":1,"minecraft:oak_planks":9,"minecraft:diorite":3,"minecraft:skeleton_skull":1,"minecraft:birch_log":2,"minecraft:spruce_log":13,"minecraft:wither_rose":1,"minecraft:white_wall_banner":2,"minecraft:grass":5,"minecraft:coal_ore":127,"minecraft:oak_log":14,"minecraft:beetroots":5,"minecraft:dripstone_block":2,"minecraft:gravel":1,"minecraft:dirt":17,"minecraft:oak_leaves":30,"minecraft:deepslate":1},"minecraft:dropped":{"minecraft:iron_ingot":3,"minecraft:bread":1,"minecraft:iron_sword":1,"minecraft:oak_log":1,"minecraft:baked_potato":19,"minecraft:cobblestone":107,"minecraft:coal":44,"minecraft:diorite":4,"minecraft:torch":39,"minecraft:gold_nugget":1,"minecraft:iron_pickaxe":6,"minecraft:string":2,"minecraft:gravel":1,"minecraft:stone_axe":1,"minecraft:iron_nugget":2,"minecraft:stone_sword":1,"minecraft:pointed_dripstone":1,"minecraft:raw_iron":37,"minecraft:rotten_flesh":2,"iceandfire:troll_tusk":2,"iceandfire:armor_copper_metal_helmet":1,"minecraft:shield":2,"minecraft:spruce_planks":13,"minecraft:spider_eye":2,"minecraft:stone_pickaxe":1,"grimoireofgaia:meat":1},"minecraft:used":{"minecraft:stone_sword":8,"jet_and_elias_armors:brute_armor_helmet":1,"minecraft:chest":1,"minecraft:shield":4,"minecraft:iron_sword":26,"minecraft:stone_hoe":2,"minecraft:torch":63,"iceandfire:armor_copper_metal_boots":1,"minecraft:dirt":16,"minecraft:carrot":13,"minecraft:wooden_axe":19,"minecraft:furnace":1,"iceandfire:armor_copper_metal_helmet":1,"minecraft:oak_planks":1,"minecraft:stone_pickaxe":216,"minecraft:baked_potato":8,"minecraft:leather_chestplate":1,"minecraft:wooden_pickaxe":29,"minecraft:leather_boots":6,"minecraft:crafting_table":3,"minecraft:red_bed":2,"minecraft:dripstone_block":2,"minecraft:oak_log":2,"minecraft:flower_pot":1,"spartanshields:stone_basic_shield":10,"minecraft:iron_pickaxe":115,"minecraft:leather_helmet":4,"minecraft:stone_axe":6,"minecraft:cobblestone":6},"minecraft:picked_up":{"minecraft:wooden_axe":1,"minecraft:crafting_table":6,"minecraft:wheat":4,"illagerinvasion:platinum_chunk":10,"grimoireofgaia:soulfire":4,"minecraft:flower_pot":1,"minecraft:leather_leggings":1,"minecraft:wooden_pickaxe":3,"iceandfire:armor_copper_metal_chestplate":4,"minecraft:wither_rose":1,"minecraft:shield":6,"minecraft:string":6,"minecraft:red_bed":2,"minecraft:raw_copper":101,"minecraft:wooden_sword":2,"jet_and_elias_armors:brute_armor_helmet":1,"minecraft:beetroot":3,"minecraft:gold_nugget":3,"minecraft:cobbled_deepslate":1,"minecraft:bucket":1,"minecraft:spruce_planks":13,"minecraft:iron_nugget":5,"minecraft:iron_pickaxe":9,"minecraft:furnace":2,"minecraft:stick":10,"minecraft:raw_iron":68,"minecraft:polished_deepslate_slab":1,"grimoireofgaia:meat":1,"iceandfire:troll_tusk":2,"minecraft:composter":2,"iceandfire:armor_copper_metal_leggings":4,"minecraft:torch":164,"minecraft:pointed_dripstone":13,"minecraft:diorite":12,"iceandfire:armor_copper_metal_boots":4,"minecraft:carrot":18,"minecraft:redstone":22,"spartanshields:stone_basic_shield":4,"minecraft:stone_sword":3,"iceandfire:silver_ingot":15,"minecraft:rotten_flesh":4,"minecraft:beetroot_seeds":13,"minecraft:iron_bars":2,"minecraft:skeleton_skull":1,"minecraft:cobblestone":324,"minecraft:birch_log":2,"minecraft:leather_chestplate":1,"minecraft:glow_ink_sac":10,"minecraft:andesite":2,"minecraft:potato":28,"minecraft:oak_log":16,"iceandfire:armor_copper_metal_helmet":4,"minecraft:lapis_lazuli":71,"minecraft:dirt":29,"minecraft:white_banner":2,"minecraft:leather_boots":6,"minecraft:bone":14,"minecraft:wheat_seeds":3,"minecraft:iron_ingot":9,"minecraft:stone_pickaxe":5,"spartanshields:wooden_basic_shield":1,"minecraft:oak_planks":19,"minecraft:iron_sword":4,"minecraft:pumpkin":1,"minecraft:dripstone_block":2,"minecraft:gravel":3,"minecraft:spruce_log":12,"minecraft:dark_oak_log":7,"minecraft:spider_eye":5,"minecraft:leather_helmet":6,"minecraft:diamond":2,"minecraft:stone_axe":2,"minecraft:granite":2,"minecraft:crossbow":2,"minecraft:bread":3,"minecraft:emerald":15,"iceandfire:troll_leather_forest":6,"alexsmobs:maggot":2,"minecraft:baked_potato":31,"minecraft:oak_sapling":1,"minecraft:coal":197,"iceandfire:raw_silver":18}},"DataVersion":3465}