{"stats":{"minecraft:killed_by":{"minecraft:pillager":17,"grimoireofgaia:werecat":1,"grimoireofgaia:bone_knight":1,"grimoireofgaia:minotaurus":2,"minecraft:skeleton":4,"grimoireofgaia:harpy":5,"grimoireofgaia:spriggan":3,"grimoireofgaia:banshee":1,"iceandfire:ghost":7,"grimoireofgaia:dwarf":1},"minecraft:crafted":{"minecraft:wooden_sword":1,"minecraft:oak_planks":40,"minecraft:furnace":1,"iceandfire:armor_copper_metal_leggings":1,"iceandfire:armor_copper_metal_helmet":1,"iceandfire:armor_copper_metal_boots":1,"minecraft:stone_pickaxe":2,"iceandfire:armor_copper_metal_chestplate":1,"minecraft:dark_oak_planks":8,"minecraft:stone_hoe":1,"iceandfire:silver_ingot":1,"minecraft:crafting_table":2,"minecraft:spruce_planks":20,"minecraft:wooden_pickaxe":2,"minecraft:baked_potato":28,"minecraft:iron_sword":2,"spartanshields:stone_basic_shield":1,"minecraft:copper_ingot":101,"minecraft:stone_axe":1,"minecraft:shield":1,"minecraft:stick":48,"minecraft:iron_ingot":8,"minecraft:iron_pickaxe":1,"minecraft:wooden_axe":2,"spartanshields:wooden_basic_shield":1,"minecraft:torch":64},"minecraft:broken":{"minecraft:stone_pickaxe":1},"minecraft:killed":{"minecraft:spider":2,"minecraft:pillager":3,"minecraft:zombie":1,"alexsmobs:fly":1},"minecraft:custom":{"minecraft:mob_kills":8,"minecraft:interact_with_crafting_table":38,"minecraft:leave_game":3,"minecraft:time_since_death":4147,"minecraft:sprint_one_cm":324520,"minecraft:walk_one_cm":432398,"minecraft:damage_blocked_by_shield":675,"minecraft:drop":33,"minecraft:talked_to_villager":1,"minecraft:play_time":154080,"minecraft:deaths":43,"minecraft:sneak_time":5,"minecraft:jump":2074,"minecraft:walk_on_water_one_cm":5335,"minecraft:total_world_time":154080,"minecraft:interact_with_furnace":50,"spartanshields:shield_bash_hits":2,"minecraft:pot_flower":1,"minecraft:sleep_in_bed":5,"minecraft:time_since_rest":4178,"minecraft:damage_taken":6607,"minecraft:trigger_trapped_chest":2,"minecraft:damage_dealt":1787,"minecraft:fly_one_cm":192458,"minecraft:open_chest":81,"minecraft:fall_one_cm":54941},"minecraft:mined":{"iceandfire:graveyard_soil":2,"iceandfire:silver_ore":9,"minecraft:dark_oak_log":5,"minecraft:grass_block":14,"minecraft:spruce_leaves":1,"minecraft:iron_ore":11,"minecraft:fire":3,"minecraft:pumpkin":1,"minecraft:vine":1,"minecraft:stone":69,"minecraft:white_banner":1,"minecraft:glass_pane":2,"minecraft:red_bed":1,"minecraft:crafting_table":3,"minecraft:emerald_ore":4,"minecraft:cobblestone":2,"minecraft:tall_grass":2,"minecraft:copper_ore":28,"minecraft:potted_oak_sapling":1,"minecraft:oak_planks":8,"minecraft:birch_log":2,"minecraft:spruce_log":13,"minecraft:white_wall_banner":2,"minecraft:grass":5,"minecraft:coal_ore":124,"minecraft:oak_log":12,"minecraft:beetroots":5,"minecraft:gravel":1,"minecraft:dirt":17,"minecraft:oak_leaves":30},"minecraft:dropped":{"minecraft:iron_ingot":3,"minecraft:bread":1,"minecraft:iron_sword":1,"minecraft:oak_log":1,"minecraft:cobblestone":107,"minecraft:diorite":4,"minecraft:torch":39,"minecraft:gold_nugget":1,"minecraft:iron_pickaxe":6,"minecraft:string":2,"minecraft:gravel":1,"minecraft:stone_axe":1,"minecraft:iron_nugget":2,"minecraft:stone_sword":1,"minecraft:pointed_dripstone":1,"minecraft:raw_iron":37,"minecraft:rotten_flesh":2,"iceandfire:troll_tusk":2,"minecraft:shield":2,"minecraft:spruce_planks":13,"minecraft:spider_eye":2,"minecraft:stone_pickaxe":1,"grimoireofgaia:meat":1},"minecraft:used":{"minecraft:stone_sword":8,"minecraft:shield":4,"minecraft:iron_sword":13,"minecraft:stone_hoe":2,"minecraft:torch":31,"iceandfire:armor_copper_metal_boots":1,"minecraft:dirt":16,"minecraft:carrot":13,"minecraft:wooden_axe":16,"minecraft:furnace":1,"minecraft:stone_pickaxe":216,"minecraft:baked_potato":4,"minecraft:leather_chestplate":1,"minecraft:wooden_pickaxe":29,"minecraft:leather_boots":6,"minecraft:crafting_table":3,"minecraft:red_bed":1,"minecraft:oak_log":2,"minecraft:flower_pot":1,"spartanshields:stone_basic_shield":5,"minecraft:iron_pickaxe":7,"minecraft:leather_helmet":4,"minecraft:stone_axe":3,"minecraft:cobblestone":2},"minecraft:picked_up":{"minecraft:wooden_axe":1,"minecraft:crafting_table":6,"minecraft:wheat":4,"illagerinvasion:platinum_chunk":7,"grimoireofgaia:soulfire":4,"minecraft:flower_pot":1,"minecraft:leather_leggings":1,"minecraft:wooden_pickaxe":3,"iceandfire:armor_copper_metal_chestplate":3,"minecraft:shield":5,"minecraft:string":6,"minecraft:red_bed":1,"minecraft:raw_copper":101,"minecraft:wooden_sword":2,"minecraft:beetroot":3,"minecraft:gold_nugget":3,"minecraft:spruce_planks":13,"minecraft:iron_nugget":5,"minecraft:iron_pickaxe":8,"minecraft:stick":10,"minecraft:raw_iron":48,"grimoireofgaia:meat":1,"iceandfire:troll_tusk":2,"minecraft:composter":2,"iceandfire:armor_copper_metal_leggings":3,"minecraft:torch":124,"minecraft:pointed_dripstone":2,"minecraft:diorite":8,"iceandfire:armor_copper_metal_boots":3,"minecraft:carrot":18,"spartanshields:stone_basic_shield":3,"minecraft:stone_sword":3,"iceandfire:silver_ingot":8,"minecraft:rotten_flesh":4,"minecraft:beetroot_seeds":13,"minecraft:cobblestone":293,"minecraft:birch_log":2,"minecraft:leather_chestplate":1,"minecraft:potato":28,"minecraft:oak_log":14,"iceandfire:armor_copper_metal_helmet":3,"minecraft:dirt":29,"minecraft:white_banner":2,"minecraft:leather_boots":6,"minecraft:bone":14,"minecraft:wheat_seeds":3,"minecraft:iron_ingot":9,"minecraft:stone_pickaxe":4,"spartanshields:wooden_basic_shield":1,"minecraft:oak_planks":17,"minecraft:iron_sword":3,"minecraft:pumpkin":1,"minecraft:gravel":3,"minecraft:spruce_log":12,"minecraft:dark_oak_log":7,"minecraft:spider_eye":5,"minecraft:leather_helmet":6,"minecraft:diamond":2,"minecraft:stone_axe":2,"minecraft:crossbow":1,"minecraft:bread":3,"minecraft:emerald":13,"iceandfire:troll_leather_forest":6,"alexsmobs:maggot":2,"minecraft:baked_potato":24,"minecraft:oak_sapling":1,"minecraft:coal":179,"iceandfire:raw_silver":13}},"DataVersion":3465}