{"stats":{"minecraft:dropped":{"minecraft:stone_pickaxe":1},"minecraft:used":{"minecraft:oak_log":2,"minecraft:stone_sword":24,"minecraft:bread":2,"minecraft:stone_pickaxe":29,"minecraft:baked_potato":1,"minecraft:wooden_pickaxe":9,"minecraft:stone_axe":13,"iceandfire:armor_copper_metal_helmet":1,"alexsmobs:animal_dictionary":2},"minecraft:mined":{"iceandfire:silver_ore":2,"minecraft:red_bed":1,"minecraft:grass":4,"minecraft:coal_ore":3,"minecraft:grass_block":6,"minecraft:oak_log":19,"minecraft:dirt":4,"minecraft:cobweb":10,"minecraft:copper_ore":11,"minecraft:stone":20,"minecraft:oak_leaves":4},"minecraft:custom":{"minecraft:time_since_rest":1365,"minecraft:interact_with_furnace":21,"minecraft:sprint_one_cm":157267,"minecraft:damage_taken":260,"minecraft:walk_one_cm":139935,"minecraft:drop":1,"minecraft:damage_dealt":97,"minecraft:talked_to_villager":1,"minecraft:interact_with_crafting_table":10,"minecraft:fly_one_cm":168561,"minecraft:open_chest":14,"minecraft:crouch_one_cm":69,"minecraft:play_time":46246,"minecraft:deaths":1,"minecraft:sneak_time":123,"minecraft:jump":816,"minecraft:leave_game":1,"minecraft:time_since_death":20313,"minecraft:sleep_in_bed":4,"minecraft:climb_one_cm":779,"minecraft:total_world_time":46246,"minecraft:fall_one_cm":10882},"minecraft:killed_by":{"grimoireofgaia:minotaurus":1},"minecraft:picked_up":{"minecraft:oak_log":19,"minecraft:red_bed":1,"minecraft:string":10,"minecraft:dirt":10,"minecraft:raw_copper":43,"minecraft:stone_pickaxe":1,"minecraft:coal":3,"iceandfire:raw_silver":2,"minecraft:cobblestone":20,"minecraft:egg":1},"minecraft:crafted":{"minecraft:oak_planks":24,"minecraft:stick":12,"minecraft:baked_potato":6,"iceandfire:armor_copper_metal_chestplate":1,"minecraft:wooden_pickaxe":1,"minecraft:stone_pickaxe":1,"minecraft:stone_sword":1,"spartanshields:wooden_basic_shield":1,"spartanshields:stone_basic_shield":1,"minecraft:copper_ingot":17,"minecraft:stone_axe":1,"iceandfire:armor_copper_metal_helmet":1,"iceandfire:armor_copper_metal_boots":1}},"DataVersion":3465}