{"stats":{"minecraft:dropped":{"minecraft:stone_pickaxe":1},"minecraft:used":{"minecraft:oak_log":2,"minecraft:stone_sword":18,"minecraft:bread":2,"minecraft:stone_pickaxe":16,"minecraft:wooden_pickaxe":9,"minecraft:stone_axe":13,"alexsmobs:animal_dictionary":2},"minecraft:mined":{"iceandfire:silver_ore":1,"minecraft:grass":4,"minecraft:grass_block":6,"minecraft:oak_log":19,"minecraft:dirt":4,"minecraft:cobweb":5,"minecraft:copper_ore":4,"minecraft:stone":18,"minecraft:oak_leaves":4},"minecraft:custom":{"minecraft:time_since_rest":3803,"minecraft:interact_with_furnace":16,"minecraft:sprint_one_cm":122650,"minecraft:damage_taken":260,"minecraft:walk_one_cm":93552,"minecraft:drop":1,"minecraft:damage_dealt":97,"minecraft:talked_to_villager":1,"minecraft:interact_with_crafting_table":8,"minecraft:fly_one_cm":139554,"minecraft:open_chest":7,"minecraft:crouch_one_cm":69,"minecraft:play_time":34246,"minecraft:deaths":1,"minecraft:sneak_time":106,"minecraft:jump":571,"minecraft:leave_game":1,"minecraft:time_since_death":8313,"minecraft:sleep_in_bed":3,"minecraft:total_world_time":34246,"minecraft:fall_one_cm":8105},"minecraft:killed_by":{"grimoireofgaia:minotaurus":1},"minecraft:picked_up":{"minecraft:oak_log":19,"minecraft:string":5,"minecraft:dirt":10,"minecraft:raw_copper":16,"minecraft:stone_pickaxe":1,"iceandfire:raw_silver":1,"minecraft:cobblestone":18,"minecraft:egg":1},"minecraft:crafted":{"minecraft:oak_planks":24,"minecraft:stick":12,"iceandfire:armor_copper_metal_chestplate":1,"minecraft:wooden_pickaxe":1,"minecraft:stone_pickaxe":1,"minecraft:stone_sword":1,"spartanshields:wooden_basic_shield":1,"spartanshields:stone_basic_shield":1,"minecraft:copper_ingot":15,"minecraft:stone_axe":1,"iceandfire:armor_copper_metal_boots":1}},"DataVersion":3465}