{"stats":{"minecraft:dropped":{"minecraft:stone_pickaxe":1},"minecraft:used":{"minecraft:oak_log":2,"minecraft:stone_sword":9,"minecraft:bread":2,"minecraft:stone_pickaxe":5,"minecraft:wooden_pickaxe":9,"minecraft:stone_axe":13,"alexsmobs:animal_dictionary":2},"minecraft:mined":{"minecraft:grass":4,"minecraft:grass_block":1,"minecraft:oak_log":19,"minecraft:dirt":1,"minecraft:cobweb":5,"minecraft:stone":12,"minecraft:oak_leaves":4},"minecraft:custom":{"minecraft:time_since_rest":542,"minecraft:sprint_one_cm":96812,"minecraft:damage_taken":260,"minecraft:walk_one_cm":71945,"minecraft:drop":1,"minecraft:damage_dealt":50,"minecraft:interact_with_crafting_table":6,"minecraft:talked_to_villager":1,"minecraft:fly_one_cm":108021,"minecraft:open_chest":6,"minecraft:crouch_one_cm":69,"minecraft:play_time":26448,"minecraft:deaths":1,"minecraft:sneak_time":106,"minecraft:jump":414,"minecraft:leave_game":1,"minecraft:time_since_death":515,"minecraft:sleep_in_bed":2,"minecraft:total_world_time":26448,"minecraft:fall_one_cm":7269},"minecraft:killed_by":{"grimoireofgaia:minotaurus":1},"minecraft:picked_up":{"minecraft:oak_log":19,"minecraft:dirt":2,"minecraft:string":5,"minecraft:stone_pickaxe":1,"minecraft:cobblestone":12,"minecraft:egg":1},"minecraft:crafted":{"minecraft:oak_planks":24,"minecraft:stick":12,"minecraft:wooden_pickaxe":1,"minecraft:stone_pickaxe":1,"minecraft:stone_sword":1,"spartanshields:wooden_basic_shield":1,"spartanshields:stone_basic_shield":1,"minecraft:stone_axe":1}},"DataVersion":3465}