{"stats":{"minecraft:dropped":{"minecraft:torch":1,"minecraft:stone_sword":1,"minecraft:stone_pickaxe":1},"minecraft:used":{"minecraft:oak_log":2,"minecraft:stone_sword":56,"spartanshields:stone_basic_shield":2,"minecraft:bread":3,"minecraft:stone_pickaxe":33,"minecraft:baked_potato":2,"minecraft:chest":1,"minecraft:wooden_pickaxe":9,"minecraft:torch":6,"minecraft:stone_axe":13,"minecraft:red_bed":1,"iceandfire:armor_copper_metal_helmet":1,"alexsmobs:animal_dictionary":2},"minecraft:mined":{"iceandfire:silver_ore":2,"minecraft:red_bed":1,"minecraft:grass":4,"minecraft:coal_ore":6,"minecraft:grass_block":6,"minecraft:oak_log":24,"minecraft:vine":3,"minecraft:dirt":4,"minecraft:cobweb":35,"minecraft:copper_ore":11,"minecraft:spruce_leaves":2,"minecraft:stone":21,"minecraft:oak_leaves":4,"minecraft:wall_torch":1},"minecraft:custom":{"minecraft:time_since_rest":13365,"minecraft:interact_with_furnace":25,"minecraft:sprint_one_cm":186668,"minecraft:damage_taken":296,"minecraft:walk_one_cm":176788,"minecraft:damage_blocked_by_shield":120,"minecraft:drop":3,"minecraft:damage_dealt":147,"minecraft:talked_to_villager":1,"minecraft:interact_with_crafting_table":16,"minecraft:fly_one_cm":169996,"minecraft:open_chest":16,"minecraft:crouch_one_cm":69,"minecraft:play_time":58246,"minecraft:deaths":1,"minecraft:sneak_time":123,"minecraft:jump":846,"minecraft:leave_game":1,"minecraft:time_since_death":32313,"minecraft:sleep_in_bed":4,"minecraft:climb_one_cm":2824,"minecraft:total_world_time":58246,"minecraft:fall_one_cm":11091},"minecraft:killed_by":{"grimoireofgaia:minotaurus":1},"minecraft:picked_up":{"minecraft:torch":2,"minecraft:oak_log":24,"minecraft:stone_sword":1,"minecraft:red_bed":1,"minecraft:string":35,"minecraft:dirt":10,"minecraft:raw_copper":43,"minecraft:stone_pickaxe":1,"minecraft:coal":6,"iceandfire:raw_silver":2,"minecraft:cobblestone":21,"minecraft:egg":1},"minecraft:crafted":{"minecraft:oak_planks":44,"iceandfire:silver_ingot":1,"minecraft:ladder":3,"minecraft:stick":28,"minecraft:baked_potato":6,"iceandfire:armor_copper_metal_chestplate":1,"minecraft:wooden_pickaxe":1,"minecraft:stone_pickaxe":1,"minecraft:chest":1,"minecraft:stone_sword":1,"spartanshields:wooden_basic_shield":1,"spartanshields:stone_basic_shield":1,"minecraft:copper_ingot":17,"minecraft:torch":12,"minecraft:stone_axe":1,"iceandfire:armor_copper_metal_helmet":1,"iceandfire:armor_copper_metal_boots":1}},"DataVersion":3465}