{"stats":{"minecraft:used":{"minecraft:oak_log":2,"minecraft:bread":2,"alexsmobs:animal_dictionary":2,"minecraft:wooden_pickaxe":9},"minecraft:mined":{"minecraft:grass":4,"minecraft:grass_block":1,"minecraft:oak_log":8,"minecraft:stone":8,"minecraft:oak_leaves":1},"minecraft:custom":{"minecraft:time_since_rest":6435,"minecraft:open_chest":3,"minecraft:crouch_one_cm":68,"minecraft:play_time":15474,"minecraft:sprint_one_cm":58584,"minecraft:walk_one_cm":45182,"minecraft:sneak_time":96,"minecraft:jump":205,"minecraft:damage_dealt":0,"minecraft:time_since_death":15474,"minecraft:sleep_in_bed":1,"minecraft:total_world_time":15474,"minecraft:talked_to_villager":1,"minecraft:interact_with_crafting_table":3,"minecraft:fall_one_cm":3404,"minecraft:fly_one_cm":59964},"minecraft:picked_up":{"minecraft:oak_log":8,"minecraft:dirt":1,"minecraft:cobblestone":8},"minecraft:crafted":{"minecraft:stone_sword":1,"spartanshields:wooden_basic_shield":1,"minecraft:oak_planks":24,"minecraft:stone_axe":1,"minecraft:stick":12,"minecraft:stone_pickaxe":1,"minecraft:wooden_pickaxe":1}},"DataVersion":3465}