{"stats":{"minecraft:killed_by":{"iceandfire:ghost":7,"grimoireofgaia:minotaurus":2,"minecraft:skeleton":4,"grimoireofgaia:harpy":3,"grimoireofgaia:spriggan":2,"grimoireofgaia:werecat":1,"minecraft:pillager":1},"minecraft:crafted":{"minecraft:oak_planks":12,"minecraft:crafting_table":1},"minecraft:custom":{"minecraft:time_since_rest":166,"minecraft:sprint_one_cm":116823,"minecraft:damage_taken":3909,"minecraft:walk_one_cm":69589,"minecraft:trigger_trapped_chest":2,"minecraft:damage_dealt":107,"minecraft:fly_one_cm":86750,"minecraft:open_chest":2,"minecraft:play_time":23367,"minecraft:deaths":20,"minecraft:sneak_time":3,"minecraft:jump":504,"minecraft:time_since_death":140,"minecraft:total_world_time":23367,"minecraft:fall_one_cm":26363},"minecraft:mined":{"iceandfire:graveyard_soil":2,"minecraft:birch_log":2,"minecraft:grass":3,"minecraft:grass_block":11,"minecraft:oak_log":3,"minecraft:vine":1,"minecraft:dirt":5,"minecraft:tall_grass":2,"minecraft:oak_leaves":25},"minecraft:used":{"minecraft:leather_helmet":1,"minecraft:leather_chestplate":1,"minecraft:leather_boots":1,"minecraft:dirt":5,"minecraft:crafting_table":1},"minecraft:picked_up":{"minecraft:birch_log":2,"minecraft:stick":3,"minecraft:crafting_table":2,"minecraft:leather_chestplate":1,"minecraft:leather_leggings":1,"minecraft:torch":12,"minecraft:oak_log":3,"minecraft:dirt":15,"minecraft:leather_helmet":4,"minecraft:wooden_sword":1,"minecraft:leather_boots":2,"iceandfire:silver_ingot":8,"minecraft:bone":14,"minecraft:diamond":2,"minecraft:iron_ingot":8,"minecraft:iron_nugget":1,"alexsmobs:maggot":2}},"DataVersion":3465}