{"stats":{"minecraft:killed_by":{"grimoireofgaia:minotaurus":2,"minecraft:skeleton":4,"grimoireofgaia:harpy":3,"grimoireofgaia:spriggan":2,"minecraft:pillager":9,"iceandfire:ghost":7,"grimoireofgaia:werecat":1},"minecraft:crafted":{"minecraft:oak_planks":20,"minecraft:crafting_table":1,"minecraft:iron_sword":1,"minecraft:shield":1,"minecraft:stick":8,"minecraft:iron_ingot":1,"minecraft:wooden_axe":1},"minecraft:killed":{"minecraft:pillager":2,"alexsmobs:fly":1},"minecraft:custom":{"minecraft:interact_with_furnace":1,"minecraft:mob_kills":3,"minecraft:interact_with_crafting_table":7,"minecraft:time_since_death":2289,"minecraft:sleep_in_bed":3,"minecraft:time_since_rest":2342,"minecraft:sprint_one_cm":163172,"minecraft:damage_taken":4567,"minecraft:walk_one_cm":145459,"minecraft:damage_blocked_by_shield":240,"minecraft:trigger_trapped_chest":2,"minecraft:drop":3,"minecraft:damage_dealt":740,"minecraft:talked_to_villager":1,"minecraft:fly_one_cm":126453,"minecraft:open_chest":26,"minecraft:play_time":47367,"minecraft:deaths":29,"minecraft:sneak_time":3,"minecraft:jump":715,"minecraft:walk_on_water_one_cm":498,"minecraft:total_world_time":47367,"minecraft:fall_one_cm":32571},"minecraft:mined":{"iceandfire:graveyard_soil":2,"minecraft:glass_pane":2,"minecraft:dark_oak_log":5,"minecraft:crafting_table":2,"minecraft:grass_block":12,"minecraft:tall_grass":2,"minecraft:potted_oak_sapling":1,"minecraft:oak_planks":8,"minecraft:birch_log":2,"minecraft:fire":3,"minecraft:pumpkin":1,"minecraft:white_wall_banner":2,"minecraft:grass":4,"minecraft:oak_log":11,"minecraft:vine":1,"minecraft:dirt":9,"minecraft:white_banner":1,"minecraft:oak_leaves":30},"minecraft:dropped":{"minecraft:iron_ingot":3},"minecraft:used":{"minecraft:leather_chestplate":1,"minecraft:shield":4,"minecraft:iron_sword":1,"minecraft:leather_boots":6,"minecraft:dirt":9,"minecraft:crafting_table":2,"minecraft:oak_log":2,"minecraft:wooden_axe":15,"minecraft:leather_helmet":4},"minecraft:picked_up":{"minecraft:wooden_axe":1,"minecraft:birch_log":2,"minecraft:leather_chestplate":1,"minecraft:crafting_table":5,"minecraft:wheat":4,"illagerinvasion:platinum_chunk":6,"minecraft:flower_pot":1,"minecraft:leather_leggings":1,"minecraft:oak_log":11,"minecraft:shield":3,"minecraft:dirt":19,"minecraft:string":2,"minecraft:white_banner":2,"minecraft:wooden_sword":1,"minecraft:leather_boots":6,"minecraft:bone":14,"minecraft:wheat_seeds":1,"minecraft:iron_ingot":9,"minecraft:iron_nugget":1,"minecraft:oak_planks":17,"minecraft:stick":3,"minecraft:pumpkin":1,"minecraft:torch":12,"minecraft:carrot":6,"minecraft:dark_oak_log":7,"minecraft:leather_helmet":6,"iceandfire:silver_ingot":8,"minecraft:diamond":2,"minecraft:crossbow":1,"minecraft:bread":1,"minecraft:emerald":3,"alexsmobs:maggot":2,"minecraft:oak_sapling":1}},"DataVersion":3465}