{"stats":{"minecraft:dropped":{"minecraft:stone_sword":1,"minecraft:torch":1,"minecraft:stone_pickaxe":1},"minecraft:used":{"minecraft:stone_sword":76,"iceandfire:armor_copper_metal_leggings":1,"minecraft:stone_pickaxe":92,"minecraft:baked_potato":4,"minecraft:chest":1,"minecraft:wooden_pickaxe":9,"minecraft:torch":22,"minecraft:red_bed":1,"minecraft:oak_log":2,"spartanshields:stone_basic_shield":2,"minecraft:bread":3,"minecraft:stone_axe":13,"iceandfire:armor_copper_metal_helmet":1,"alexsmobs:animal_dictionary":2},"minecraft:mined":{"iceandfire:silver_ore":5,"minecraft:red_bed":1,"minecraft:grass_block":6,"minecraft:chest":1,"minecraft:copper_ore":16,"minecraft:cobblestone":8,"minecraft:spruce_leaves":13,"minecraft:wall_torch":1,"minecraft:iron_ore":5,"minecraft:grass":4,"minecraft:oak_log":24,"minecraft:coal_ore":25,"minecraft:vine":11,"minecraft:dirt":4,"minecraft:cobweb":51,"minecraft:stone":28,"minecraft:oak_leaves":4},"minecraft:broken":{"minecraft:stone_sword":1},"minecraft:custom":{"minecraft:interact_with_furnace":29,"minecraft:interact_with_crafting_table":21,"minecraft:leave_game":1,"minecraft:time_since_death":56313,"minecraft:sleep_in_bed":8,"minecraft:climb_one_cm":11453,"minecraft:time_since_rest":1799,"minecraft:sprint_one_cm":261696,"minecraft:damage_taken":354,"minecraft:walk_one_cm":246938,"minecraft:damage_blocked_by_shield":120,"minecraft:drop":3,"minecraft:damage_dealt":147,"minecraft:talked_to_villager":1,"minecraft:fly_one_cm":187543,"minecraft:open_chest":21,"minecraft:deaths":1,"minecraft:crouch_one_cm":69,"minecraft:play_time":82246,"minecraft:sneak_time":159,"minecraft:walk_under_water_one_cm":102,"minecraft:jump":1031,"minecraft:walk_on_water_one_cm":658,"minecraft:total_world_time":82246,"minecraft:fall_one_cm":13325},"minecraft:killed_by":{"grimoireofgaia:minotaurus":1},"minecraft:picked_up":{"minecraft:ladder":3,"minecraft:oak_log":24,"minecraft:dirt":10,"minecraft:string":93,"minecraft:red_bed":1,"minecraft:raw_copper":70,"minecraft:tnt_minecart":6,"minecraft:stone_pickaxe":1,"minecraft:chest":1,"minecraft:oak_planks":4,"minecraft:egg":1,"minecraft:raw_iron":5,"minecraft:copper_ingot":1,"minecraft:torch":2,"minecraft:stone_sword":1,"iceandfire:silver_ingot":2,"minecraft:coal":39,"iceandfire:raw_silver":6,"minecraft:cobblestone":39},"minecraft:crafted":{"minecraft:oak_planks":44,"iceandfire:silver_ingot":2,"minecraft:wooden_pickaxe":1,"minecraft:baked_potato":6,"iceandfire:armor_copper_metal_leggings":1,"spartanshields:stone_basic_shield":1,"minecraft:copper_ingot":25,"minecraft:stone_axe":1,"iceandfire:armor_copper_metal_boots":1,"iceandfire:armor_copper_metal_helmet":1,"minecraft:ladder":3,"minecraft:stick":28,"minecraft:stone_pickaxe":1,"iceandfire:armor_copper_metal_chestplate":1,"minecraft:stone_sword":2,"minecraft:chest":1,"spartanshields:wooden_basic_shield":1,"minecraft:torch":32}},"DataVersion":3465}