{"stats":{"minecraft:killed_by":{"grimoireofgaia:minotaurus":2,"minecraft:skeleton":4,"grimoireofgaia:harpy":5,"grimoireofgaia:spriggan":2,"minecraft:pillager":14,"iceandfire:ghost":7,"grimoireofgaia:dwarf":1,"grimoireofgaia:werecat":1},"minecraft:crafted":{"minecraft:wooden_sword":1,"minecraft:oak_planks":36,"minecraft:crafting_table":2,"minecraft:spruce_planks":20,"minecraft:wooden_pickaxe":1,"minecraft:iron_sword":1,"minecraft:shield":1,"minecraft:stick":16,"minecraft:iron_ingot":1,"minecraft:wooden_axe":2},"minecraft:killed":{"minecraft:pillager":3,"alexsmobs:fly":1},"minecraft:custom":{"minecraft:interact_with_furnace":1,"minecraft:mob_kills":5,"minecraft:interact_with_crafting_table":8,"minecraft:leave_game":1,"minecraft:time_since_death":646,"minecraft:sleep_in_bed":4,"minecraft:time_since_rest":671,"minecraft:sprint_one_cm":185792,"minecraft:damage_taken":5712,"minecraft:walk_one_cm":164912,"minecraft:damage_blocked_by_shield":240,"minecraft:trigger_trapped_chest":2,"minecraft:drop":3,"minecraft:damage_dealt":902,"minecraft:talked_to_villager":1,"minecraft:fly_one_cm":150040,"minecraft:open_chest":27,"minecraft:play_time":59211,"minecraft:deaths":37,"minecraft:sneak_time":3,"minecraft:jump":905,"minecraft:walk_on_water_one_cm":498,"minecraft:total_world_time":59211,"minecraft:fall_one_cm":38948},"minecraft:mined":{"iceandfire:graveyard_soil":2,"minecraft:glass_pane":2,"minecraft:red_bed":1,"minecraft:dark_oak_log":5,"minecraft:crafting_table":3,"minecraft:grass_block":14,"minecraft:tall_grass":2,"minecraft:potted_oak_sapling":1,"minecraft:oak_planks":8,"minecraft:birch_log":2,"minecraft:fire":3,"minecraft:spruce_log":6,"minecraft:pumpkin":1,"minecraft:white_wall_banner":2,"minecraft:grass":4,"minecraft:coal_ore":2,"minecraft:oak_log":11,"minecraft:vine":1,"minecraft:dirt":11,"minecraft:stone":10,"minecraft:white_banner":1,"minecraft:oak_leaves":30},"minecraft:dropped":{"minecraft:iron_ingot":3},"minecraft:used":{"minecraft:wooden_pickaxe":14,"minecraft:leather_chestplate":1,"minecraft:shield":4,"minecraft:iron_sword":1,"minecraft:leather_boots":6,"minecraft:dirt":10,"minecraft:crafting_table":3,"minecraft:red_bed":1,"minecraft:oak_log":2,"minecraft:wooden_axe":16,"minecraft:leather_helmet":4,"minecraft:cobblestone":1},"minecraft:picked_up":{"minecraft:wooden_axe":1,"minecraft:birch_log":2,"minecraft:leather_chestplate":1,"minecraft:crafting_table":6,"minecraft:wheat":4,"illagerinvasion:platinum_chunk":7,"minecraft:flower_pot":1,"minecraft:leather_leggings":1,"minecraft:wooden_pickaxe":2,"minecraft:oak_log":11,"minecraft:shield":3,"minecraft:red_bed":1,"minecraft:dirt":24,"minecraft:string":2,"minecraft:white_banner":2,"minecraft:wooden_sword":2,"minecraft:leather_boots":6,"minecraft:bone":14,"minecraft:wheat_seeds":2,"minecraft:gold_nugget":1,"minecraft:iron_ingot":9,"minecraft:iron_nugget":1,"minecraft:oak_planks":17,"minecraft:stick":6,"minecraft:pumpkin":1,"minecraft:composter":2,"minecraft:torch":12,"minecraft:spruce_log":5,"minecraft:carrot":6,"minecraft:dark_oak_log":7,"minecraft:leather_helmet":6,"iceandfire:silver_ingot":8,"minecraft:diamond":2,"minecraft:crossbow":1,"minecraft:bread":1,"minecraft:emerald":3,"alexsmobs:maggot":2,"minecraft:oak_sapling":1,"minecraft:coal":4,"minecraft:cobblestone":18}},"DataVersion":3465}