{"stats":{"minecraft:dropped":{"minecraft:stone_axe":1,"minecraft:oak_log":2,"minecraft:stone_sword":1,"minecraft:dripstone_block":1,"minecraft:raw_iron":13,"minecraft:pointed_dripstone":1,"iceandfire:armor_copper_metal_chestplate":1,"minecraft:rotten_flesh":4,"minecraft:cobblestone":61,"minecraft:oak_planks":4,"minecraft:granite":5,"minecraft:rail":1,"minecraft:coal":40,"minecraft:torch":1,"minecraft:stone_pickaxe":2,"minecraft:spruce_sapling":1},"minecraft:used":{"minecraft:stone_sword":80,"iceandfire:armor_copper_metal_leggings":1,"minecraft:stone_pickaxe":120,"minecraft:baked_potato":4,"minecraft:chest":1,"minecraft:wooden_pickaxe":9,"minecraft:torch":33,"minecraft:red_bed":1,"minecraft:oak_log":2,"spartanshields:stone_basic_shield":10,"minecraft:bread":3,"minecraft:stone_axe":21,"iceandfire:armor_copper_metal_helmet":1,"alexsmobs:animal_dictionary":2},"minecraft:mined":{"iceandfire:silver_ore":6,"minecraft:red_bed":2,"minecraft:granite":1,"minecraft:grass_block":11,"minecraft:chest":1,"minecraft:copper_ore":16,"minecraft:cobblestone":8,"minecraft:spruce_leaves":13,"minecraft:wall_torch":1,"minecraft:iron_ore":13,"minecraft:grass":4,"minecraft:oak_log":28,"minecraft:coal_ore":38,"minecraft:vine":11,"minecraft:dirt":6,"minecraft:cobweb":51,"minecraft:stone":33,"minecraft:oak_leaves":7},"minecraft:broken":{"minecraft:stone_sword":1},"minecraft:custom":{"minecraft:interact_with_furnace":29,"minecraft:mob_kills":3,"minecraft:interact_with_crafting_table":21,"minecraft:leave_game":10,"minecraft:time_since_death":577,"minecraft:sleep_in_bed":8,"minecraft:climb_one_cm":14093,"minecraft:time_since_rest":612,"minecraft:sprint_one_cm":381148,"minecraft:damage_taken":1372,"minecraft:walk_one_cm":328758,"minecraft:damage_blocked_by_shield":795,"minecraft:drop":17,"minecraft:damage_dealt":568,"minecraft:talked_to_villager":1,"minecraft:player_kills":1,"minecraft:fly_one_cm":337160,"minecraft:open_chest":25,"minecraft:play_time":122023,"minecraft:crouch_one_cm":374,"minecraft:deaths":6,"minecraft:sneak_time":302,"minecraft:walk_under_water_one_cm":102,"minecraft:jump":1817,"minecraft:walk_on_water_one_cm":658,"minecraft:total_world_time":122023,"minecraft:fall_one_cm":26673},"minecraft:killed_by":{"minecraft:player":2,"grimoireofgaia:minotaurus":2,"minecraft:zombie":2},"minecraft:picked_up":{"minecraft:ladder":6,"iceandfire:armor_copper_metal_chestplate":2,"minecraft:potato":2,"minecraft:oak_log":30,"iceandfire:armor_copper_metal_helmet":1,"minecraft:dirt":17,"minecraft:string":140,"minecraft:red_bed":3,"minecraft:raw_copper":81,"minecraft:bone":2,"minecraft:apple":4,"minecraft:tnt_minecart":9,"minecraft:stone_pickaxe":3,"arthropocolypse:beetle_fragment":1,"minecraft:iron_nugget":3,"minecraft:chest":2,"minecraft:oak_planks":8,"minecraft:egg":1,"minecraft:stick":20,"minecraft:raw_iron":45,"iceandfire:armor_copper_metal_leggings":1,"minecraft:copper_ingot":2,"minecraft:torch":6,"minecraft:dripstone_block":1,"minecraft:pointed_dripstone":1,"minecraft:spruce_sapling":1,"iceandfire:armor_copper_metal_boots":1,"spartanshields:stone_basic_shield":1,"iceandfire:silver_ingot":4,"minecraft:stone_sword":3,"minecraft:arrow":6,"minecraft:rotten_flesh":4,"minecraft:stone_axe":2,"minecraft:granite":6,"minecraft:emerald":2,"minecraft:baked_potato":2,"minecraft:coal":92,"minecraft:rail":1,"iceandfire:raw_silver":20,"minecraft:cobblestone":107},"minecraft:killed":{"minecraft:skeleton":1,"minecraft:zombie":1,"grimoireofgaia:deathword":1},"minecraft:crafted":{"minecraft:oak_planks":44,"iceandfire:silver_ingot":2,"minecraft:wooden_pickaxe":1,"minecraft:baked_potato":6,"iceandfire:armor_copper_metal_leggings":1,"spartanshields:stone_basic_shield":1,"minecraft:copper_ingot":25,"minecraft:stone_axe":1,"iceandfire:armor_copper_metal_boots":1,"iceandfire:armor_copper_metal_helmet":1,"minecraft:ladder":3,"minecraft:stick":28,"iceandfire:armor_copper_metal_chestplate":1,"minecraft:stone_pickaxe":1,"minecraft:stone_sword":2,"minecraft:chest":1,"spartanshields:wooden_basic_shield":1,"minecraft:torch":32}},"DataVersion":3465}