{"stats":{"minecraft:dropped":{"minecraft:stone_axe":1,"minecraft:oak_log":2,"minecraft:stone_sword":1,"minecraft:dripstone_block":1,"minecraft:raw_iron":13,"minecraft:pointed_dripstone":1,"iceandfire:armor_copper_metal_chestplate":1,"minecraft:rotten_flesh":4,"minecraft:cobblestone":61,"minecraft:oak_planks":4,"minecraft:granite":5,"minecraft:rail":1,"minecraft:coal":40,"iceandfire:copper_sword":1,"minecraft:torch":1,"minecraft:stone_pickaxe":2,"minecraft:spruce_sapling":1},"minecraft:used":{"minecraft:stone_sword":80,"minecraft:flint_and_steel":1,"iceandfire:armor_copper_metal_leggings":1,"minecraft:stone_pickaxe":120,"minecraft:baked_potato":4,"minecraft:wooden_pickaxe":9,"minecraft:chest":1,"minecraft:torch":33,"iceandfire:armor_copper_metal_boots":1,"minecraft:dirt":2,"iceandfire:copper_sword":18,"minecraft:red_bed":1,"minecraft:oak_log":2,"iceandfire:armor_copper_metal_chestplate":2,"spartanshields:stone_basic_shield":10,"minecraft:bread":3,"spartanshields:copper_tower_shield":5,"minecraft:stone_axe":24,"iceandfire:armor_copper_metal_helmet":2,"alexsmobs:animal_dictionary":2},"minecraft:mined":{"iceandfire:silver_ore":6,"minecraft:red_bed":2,"minecraft:spruce_door":1,"minecraft:granite":1,"minecraft:grass_block":11,"iceandfire:ghost_chest":1,"minecraft:chest":1,"minecraft:tall_grass":2,"minecraft:copper_ore":16,"minecraft:cobblestone":8,"minecraft:spruce_leaves":13,"minecraft:wall_torch":1,"minecraft:fire":1,"minecraft:iron_ore":13,"minecraft:pointed_dripstone":1,"minecraft:grass":8,"minecraft:coal_ore":38,"minecraft:oak_log":28,"minecraft:vine":12,"minecraft:dirt":9,"minecraft:cobweb":59,"minecraft:stone":33,"minecraft:oak_leaves":7},"minecraft:broken":{"minecraft:stone_sword":1},"minecraft:custom":{"minecraft:interact_with_furnace":46,"spartanshields:shield_bash_hits":1,"minecraft:mob_kills":3,"minecraft:interact_with_crafting_table":32,"minecraft:leave_game":19,"minecraft:time_since_death":11598,"minecraft:sleep_in_bed":8,"minecraft:climb_one_cm":14093,"minecraft:time_since_rest":12057,"minecraft:sprint_one_cm":485228,"minecraft:damage_taken":2885,"minecraft:walk_one_cm":379433,"minecraft:damage_blocked_by_shield":1395,"minecraft:drop":18,"minecraft:damage_dealt":723,"minecraft:player_kills":2,"minecraft:talked_to_villager":1,"minecraft:fly_one_cm":446586,"minecraft:open_chest":45,"minecraft:play_time":149922,"minecraft:crouch_one_cm":374,"minecraft:deaths":13,"minecraft:sneak_time":302,"minecraft:walk_under_water_one_cm":102,"minecraft:jump":2188,"minecraft:walk_on_water_one_cm":658,"minecraft:total_world_time":149922,"minecraft:fall_one_cm":34050},"minecraft:killed_by":{"minecraft:player":2,"grimoireofgaia:minotaurus":5,"grimoireofgaia:harpy":1,"minecraft:zombie":3,"iceandfire:ghost":1},"minecraft:picked_up":{"iceandfire:copper_sword":1,"minecraft:ladder":6,"minecraft:leather":4,"iceandfire:armor_copper_metal_chestplate":2,"minecraft:potato":21,"minecraft:oak_log":30,"iceandfire:ectoplasm":5,"iceandfire:armor_copper_metal_helmet":1,"minecraft:dirt":19,"minecraft:string":147,"minecraft:red_bed":3,"minecraft:raw_copper":81,"minecraft:bone":11,"minecraft:apple":4,"minecraft:wheat_seeds":1,"minecraft:tnt_minecart":9,"minecraft:gold_nugget":15,"minecraft:stone_pickaxe":3,"arthropocolypse:beetle_fragment":1,"minecraft:iron_nugget":3,"minecraft:chest":2,"minecraft:oak_planks":32,"minecraft:egg":1,"minecraft:stick":20,"minecraft:raw_iron":45,"iceandfire:ghost_chest":1,"iceandfire:armor_copper_metal_leggings":2,"minecraft:copper_ingot":2,"minecraft:torch":6,"minecraft:gravel":1,"minecraft:dripstone_block":1,"minecraft:pointed_dripstone":2,"minecraft:spruce_sapling":1,"iceandfire:armor_copper_metal_boots":1,"spartanshields:stone_basic_shield":1,"minecraft:spruce_door":1,"iceandfire:silver_ingot":4,"minecraft:stone_sword":3,"minecraft:arrow":6,"minecraft:rotten_flesh":4,"minecraft:beetroot_seeds":60,"minecraft:stone_axe":2,"minecraft:granite":6,"minecraft:emerald":5,"minecraft:baked_potato":4,"minecraft:rail":1,"minecraft:coal":92,"minecraft:skeleton_skull":1,"iceandfire:raw_silver":20,"minecraft:cobblestone":107},"minecraft:killed":{"minecraft:skeleton":1,"minecraft:zombie":1,"grimoireofgaia:deathword":1},"minecraft:crafted":{"minecraft:oak_planks":88,"iceandfire:silver_ingot":2,"spartanshields:wooden_tower_shield":1,"minecraft:wooden_pickaxe":1,"minecraft:baked_potato":13,"spartanshields:stone_basic_shield":1,"iceandfire:armor_copper_metal_leggings":1,"minecraft:copper_ingot":46,"iceandfire:copper_sword":1,"minecraft:stone_axe":1,"iceandfire:armor_copper_metal_boots":1,"iceandfire:armor_copper_metal_helmet":1,"iceandfire:copper_axe":1,"minecraft:bow":1,"minecraft:ladder":3,"spartanshields:copper_tower_shield":1,"minecraft:stick":40,"iceandfire:armor_copper_metal_chestplate":2,"minecraft:stone_pickaxe":1,"minecraft:stone_sword":2,"minecraft:chest":1,"spartanshields:wooden_basic_shield":1,"minecraft:torch":32}},"DataVersion":3465}