{"stats":{"minecraft:killed":{"grimoireofgaia:mummy":2,"minecraft:zombie":1,"arthropocolypse:wharf_roach":3,"alexsmobs:seal":3,"grimoireofgaia:ant_salvager":1,"alexsmobs:fly":1,"mutantmonsters:mutant_creeper":1,"grimoireofgaia:gravemite":3,"alexsmobs:flying_fish":1},"minecraft:mined":{"minecraft:torch":1},"minecraft:picked_up":{"grimoireofgaia:meat":1,"minecraft:torch":1,"minecraft:sand":16,"mutantmonsters:creeper_shard":1,"minecraft:bone":1,"minecraft:rotten_flesh":2,"minecraft:iron_nugget":5,"alexsmobs:maggot":1,"alexsmobs:flying_fish":2},"minecraft:dropped":{"alexsmobs:maggot":1,"minecraft:iron_nugget":5,"alexsmobs:flying_fish":2,"minecraft:rotten_flesh":2,"minecraft:sand":1,"minecraft:bone":1},"minecraft:custom":{"minecraft:time_since_rest":19456,"minecraft:sprint_one_cm":29923,"minecraft:damage_taken":408,"minecraft:walk_one_cm":44437,"minecraft:mob_kills":17,"minecraft:drop":12,"minecraft:damage_dealt":3420,"minecraft:fly_one_cm":160291,"minecraft:crouch_one_cm":1570,"minecraft:play_time":30270,"minecraft:deaths":3,"minecraft:sneak_time":933,"minecraft:jump":287,"minecraft:leave_game":1,"minecraft:time_since_death":19430,"minecraft:total_world_time":30270,"minecraft:fall_one_cm":2717},"minecraft:killed_by":{"grimoireofgaia:ant_salvager":1,"grimoireofgaia:mummy":1,"minecraft:creeper":1},"minecraft:used":{"mutantmonsters:mutant_creeper_spawn_egg":1,"mutantmonsters:spider_pig_spawn_egg":1,"stalwart_dungeons:chorundum_sword":3,"mutantmonsters:creeper_shard":1,"mutantmonsters:mutant_enderman_spawn_egg":1,"mutantmonsters:creeper_minion_spawn_egg":1,"mutantmonsters:mutant_skeleton_spawn_egg":1,"mutantmonsters:mutant_zombie_spawn_egg":1,"mowziesmobs:naga_spawn_egg":1,"minecraft:torch":5,"minecraft:sand":1,"stalwart_dungeons:chorundum_axe":11,"iceandfire:dragonsteel_lightning_sword":10,"minecraft:splash_potion":2}},"DataVersion":3465}