{"stats":{"minecraft:killed_by":{"grimoireofgaia:satyress":2,"grimoireofgaia:dullahan":1,"minecraft:skeleton":2,"grimoireofgaia:harpy":3,"grimoireofgaia:centaur":1,"grimoireofgaia:spriggan":2,"minecraft:pillager":21,"iceandfire:ghost":9,"grimoireofgaia:minotaur":9,"grimoireofgaia:werecat":2},"minecraft:crafted":{"minecraft:wooden_sword":1,"minecraft:oak_planks":80,"minecraft:crafting_table":2,"minecraft:wooden_pickaxe":1,"minecraft:birch_planks":24,"minecraft:stone_axe":1,"minecraft:shield":1,"minecraft:stick":36,"minecraft:stone_pickaxe":1,"minecraft:wooden_axe":1,"minecraft:stone_sword":1},"minecraft:broken":{"minecraft:stone_axe":1},"minecraft:killed":{"minecraft:pillager":18,"iceandfire:ghost":2,"grimoireofgaia:harpy":1},"minecraft:custom":{"minecraft:interact_with_furnace":1,"spartanshields:shield_bash_hits":3,"minecraft:mob_kills":23,"minecraft:interact_with_crafting_table":10,"minecraft:interact_with_campfire":4,"minecraft:leave_game":2,"minecraft:time_since_death":1989,"minecraft:sleep_in_bed":7,"minecraft:climb_one_cm":54,"minecraft:time_since_rest":2015,"minecraft:sprint_one_cm":244876,"minecraft:damage_taken":10966,"minecraft:walk_one_cm":233715,"minecraft:damage_blocked_by_shield":1365,"minecraft:drop":16,"minecraft:damage_dealt":7322,"minecraft:talked_to_villager":1,"minecraft:fly_one_cm":375844,"minecraft:open_chest":43,"minecraft:crouch_one_cm":1691,"minecraft:deaths":59,"minecraft:play_time":91721,"minecraft:sneak_time":893,"minecraft:jump":2182,"minecraft:walk_on_water_one_cm":43,"minecraft:total_world_time":91721,"minecraft:fall_one_cm":91324},"minecraft:mined":{"minecraft:red_bed":3,"minecraft:dandelion":1,"minecraft:crafting_table":1,"minecraft:grass_block":10,"minecraft:cobblestone":5,"minecraft:tall_grass":7,"minecraft:composter":1,"minecraft:oak_planks":9,"minecraft:carrots":6,"minecraft:birch_log":7,"minecraft:fire":3,"minecraft:birch_leaves":2,"minecraft:azure_bluet":6,"minecraft:potatoes":13,"minecraft:grass":25,"minecraft:oak_log":22,"minecraft:beetroots":7,"minecraft:dirt":51,"minecraft:stone":30,"minecraft:oak_leaves":29},"minecraft:dropped":{"alexsmobs:maggot":1,"minecraft:crafting_table":1,"minecraft:birch_sapling":1,"minecraft:crossbow":2,"minecraft:leather_helmet":2,"minecraft:emerald":1,"minecraft:shield":1,"illagerinvasion:platinum_chunk":5,"minecraft:leather_boots":1,"minecraft:wooden_sword":1},"minecraft:used":{"minecraft:leather_leggings":3,"minecraft:stone_sword":17,"minecraft:stone_pickaxe":37,"minecraft:oak_planks":62,"minecraft:wooden_pickaxe":13,"minecraft:leather_chestplate":3,"minecraft:shield":25,"minecraft:iron_sword":16,"minecraft:leather_boots":4,"minecraft:dirt":39,"minecraft:crafting_table":3,"minecraft:red_bed":3,"minecraft:carrot":6,"minecraft:golden_chestplate":1,"minecraft:pumpkin_seeds":1,"minecraft:oak_log":1,"minecraft:wooden_axe":21,"minecraft:leather_helmet":8,"minecraft:stone_axe":66,"minecraft:wooden_sword":32,"minecraft:cobblestone":25,"minecraft:white_banner":1,"minecraft:potato":15},"minecraft:picked_up":{"minecraft:wooden_axe":3,"minecraft:birch_log":7,"minecraft:crafting_table":2,"minecraft:leather_chestplate":5,"minecraft:azure_bluet":10,"illagerinvasion:platinum_chunk":15,"minecraft:leather_leggings":6,"minecraft:leather":8,"minecraft:lead":1,"minecraft:wooden_pickaxe":4,"minecraft:potato":40,"minecraft:birch_planks":2,"minecraft:oak_log":52,"minecraft:shield":3,"minecraft:red_bed":3,"minecraft:dirt":162,"minecraft:white_banner":2,"minecraft:wooden_sword":8,"minecraft:leather_boots":6,"minecraft:beetroot":12,"minecraft:apple":10,"minecraft:wheat_seeds":10,"minecraft:gold_nugget":5,"minecraft:stone_pickaxe":10,"minecraft:iron_ingot":24,"minecraft:iron_nugget":19,"minecraft:oak_planks":25,"minecraft:birch_sapling":4,"minecraft:iron_sword":3,"minecraft:stick":139,"minecraft:composter":5,"minecraft:torch":24,"minecraft:dandelion":1,"minecraft:fire_charge":2,"minecraft:spruce_log":7,"minecraft:carrot":6,"alexsmobs:animal_dictionary":2,"minecraft:dark_oak_log":2,"minecraft:golden_chestplate":2,"minecraft:leather_helmet":11,"minecraft:stone_sword":8,"iceandfire:silver_ingot":9,"minecraft:pumpkin_seeds":1,"minecraft:arrow":15,"minecraft:diamond":5,"minecraft:beetroot_seeds":18,"minecraft:stone_axe":4,"minecraft:crossbow":2,"minecraft:chainmail_helmet":1,"minecraft:emerald":14,"minecraft:baked_potato":4,"alexsmobs:maggot":2,"minecraft:oak_sapling":12,"minecraft:obsidian":4,"minecraft:white_wool":6,"minecraft:cobblestone":83}},"DataVersion":3465}