{"stats":{"minecraft:killed":{"grimoireofgaia:mummy":2,"minecraft:zombie":1,"arthropocolypse:wharf_roach":3,"alexsmobs:seal":3,"grimoireofgaia:ant_salvager":1,"alexsmobs:fly":1,"mutantmonsters:mutant_creeper":1,"grimoireofgaia:gravemite":3,"alexsmobs:flying_fish":1},"minecraft:mined":{"minecraft:torch":1},"minecraft:picked_up":{"grimoireofgaia:meat":1,"minecraft:torch":1,"minecraft:sand":64,"minecraft:arrow":128,"mutantmonsters:creeper_shard":1,"minecraft:bone":1,"minecraft:rotten_flesh":2,"minecraft:iron_nugget":5,"alexsmobs:maggot":1,"alexsmobs:flying_fish":2},"minecraft:dropped":{"alexsmobs:maggot":1,"minecraft:iron_nugget":5,"alexsmobs:flying_fish":2,"minecraft:rotten_flesh":2,"minecraft:arrow":128,"minecraft:sand":1,"minecraft:bone":1},"minecraft:custom":{"minecraft:time_since_rest":31456,"minecraft:sprint_one_cm":37361,"minecraft:damage_taken":408,"minecraft:walk_one_cm":56358,"minecraft:mob_kills":17,"minecraft:drop":14,"minecraft:damage_dealt":4081,"minecraft:fly_one_cm":273164,"minecraft:crouch_one_cm":1943,"minecraft:play_time":42270,"minecraft:deaths":3,"minecraft:sneak_time":1277,"minecraft:jump":339,"minecraft:leave_game":1,"minecraft:time_since_death":31430,"minecraft:total_world_time":42270,"minecraft:fall_one_cm":2717},"minecraft:killed_by":{"grimoireofgaia:ant_salvager":1,"grimoireofgaia:mummy":1,"minecraft:creeper":1},"minecraft:used":{"blocky_siege:ballista_stand":1,"cataclysm:ignis_spawn_egg":1,"mutantmonsters:mutant_creeper_spawn_egg":1,"mutantmonsters:spider_pig_spawn_egg":1,"eeeabsmobs:immortal_boss_egg":1,"stalwart_dungeons:chorundum_sword":3,"mutantmonsters:creeper_shard":2,"mutantmonsters:mutant_enderman_spawn_egg":1,"mutantmonsters:creeper_minion_spawn_egg":1,"mutantmonsters:mutant_skeleton_spawn_egg":1,"eeeabsmobs:corpse_warlock_egg":1,"mutantmonsters:mutant_zombie_spawn_egg":1,"mowziesmobs:naga_spawn_egg":1,"minecraft:torch":5,"minecraft:sand":1,"alexsmobs:spawn_egg_void_worm":1,"cataclysm:the_harbinger_spawn_egg":1,"stalwart_dungeons:chorundum_axe":11,"iceandfire:dragonsteel_lightning_sword":13,"cataclysm:the_leviathan_spawn_egg":1,"minecraft:splash_potion":2}},"DataVersion":3465}