{"stats":{"minecraft:killed":{"minecraft:spider":4,"grimoireofgaia:minotaur":1,"grimoireofgaia:spriggan":1,"grimoireofgaia:dullahan":2,"grimoireofgaia:gryphon":1,"iceandfire:troll":1,"arthropocolypse:prairie_grasshopper":1,"minecraft:creeper":1,"minecraft:pillager":52,"minecraft:zombie":1,"iceandfire:ghost":2,"grimoireofgaia:harpy":1,"grimoireofgaia:werecat":1},"minecraft:broken":{"minecraft:shield":1,"minecraft:iron_axe":1,"spartanshields:stone_basic_shield":3,"minecraft:stone_axe":1,"minecraft:iron_pickaxe":1},"minecraft:mined":{"minecraft:spruce_planks":4,"iceandfire:silver_ore":1,"minecraft:granite":3,"minecraft:grass_block":13,"minecraft:composter":1,"minecraft:furnace":8,"minecraft:carrots":25,"minecraft:barrel":1,"minecraft:iron_ore":47,"minecraft:fire":3,"minecraft:andesite":1,"minecraft:azure_bluet":6,"minecraft:potatoes":36,"minecraft:pointed_dripstone":11,"minecraft:stone":180,"minecraft:glass_pane":4,"minecraft:red_bed":3,"minecraft:dandelion":1,"minecraft:crafting_table":2,"minecraft:emerald_ore":2,"minecraft:chest":4,"minecraft:copper_ore":40,"minecraft:tall_grass":8,"minecraft:cobblestone":9,"minecraft:oak_planks":10,"minecraft:diorite":3,"minecraft:birch_log":7,"minecraft:birch_leaves":2,"minecraft:grass":33,"minecraft:coal_ore":107,"minecraft:oak_log":32,"minecraft:beetroots":7,"minecraft:dripstone_block":8,"minecraft:dirt":52,"minecraft:cobweb":3,"minecraft:oak_leaves":29},"minecraft:crafted":{"minecraft:wooden_sword":1,"minecraft:oak_planks":120,"minecraft:furnace":10,"iceandfire:armor_copper_metal_leggings":1,"iceandfire:armor_copper_metal_boots":1,"iceandfire:armor_copper_metal_helmet":1,"minecraft:iron_axe":2,"minecraft:stone_pickaxe":1,"iceandfire:armor_copper_metal_chestplate":1,"minecraft:chest":4,"minecraft:crafting_table":3,"minecraft:spruce_planks":28,"minecraft:wooden_pickaxe":1,"minecraft:iron_sword":1,"spartanshields:stone_basic_shield":3,"minecraft:copper_ingot":8,"minecraft:birch_planks":24,"minecraft:stone_axe":2,"minecraft:air":0,"minecraft:shield":1,"minecraft:stick":68,"minecraft:iron_pickaxe":2,"minecraft:iron_ingot":45,"minecraft:wooden_axe":1,"minecraft:stone_sword":1,"spartanshields:wooden_basic_shield":3,"minecraft:torch":176},"minecraft:picked_up":{"minecraft:wooden_axe":7,"illagerinvasion:platinum_chunk":178,"minecraft:crafting_table":3,"minecraft:azure_bluet":12,"grimoireofgaia:soulfire":16,"minecraft:leather_leggings":6,"minecraft:lead":1,"iceandfire:armor_copper_metal_chestplate":31,"minecraft:wooden_pickaxe":4,"minecraft:shield":12,"minecraft:string":25,"minecraft:red_bed":3,"minecraft:raw_copper":274,"minecraft:iron_axe":30,"minecraft:wooden_sword":8,"minecraft:iron_shovel":1,"minecraft:beetroot":12,"minecraft:candle":5,"minecraft:gold_nugget":28,"minecraft:bucket":15,"minecraft:spruce_planks":109,"arthropocolypse:beetle_fragment":57,"minecraft:iron_nugget":49,"minecraft:iron_pickaxe":45,"minecraft:chest":10,"minecraft:birch_sapling":4,"minecraft:egg":1,"minecraft:iron_boots":18,"minecraft:furnace":10,"minecraft:stick":237,"minecraft:raw_iron":264,"grimoireofgaia:diamond_shard":3,"grimoireofgaia:meat":8,"iceandfire:troll_tusk":12,"minecraft:oak_fence":1,"minecraft:composter":5,"iceandfire:armor_copper_metal_leggings":36,"minecraft:copper_ingot":56,"minecraft:torch":386,"minecraft:fire_charge":2,"minecraft:cherry_log":34,"minecraft:pointed_dripstone":87,"minecraft:diorite":27,"iceandfire:armor_copper_metal_boots":28,"minecraft:carrot":512,"spartanshields:stone_basic_shield":9,"minecraft:golden_chestplate":2,"iceandfire:silver_ingot":9,"minecraft:stone_sword":12,"minecraft:arrow":15,"minecraft:rotten_flesh":20,"minecraft:beetroot_seeds":18,"minecraft:obsidian":4,"minecraft:white_wool":6,"minecraft:cobblestone":925,"minecraft:birch_log":7,"minecraft:pink_petals":4,"minecraft:leather_chestplate":6,"minecraft:cherry_planks":6,"minecraft:andesite":3,"minecraft:leather":8,"minecraft:potato":159,"minecraft:birch_planks":2,"minecraft:gunpowder":4,"minecraft:oak_log":67,"iceandfire:armor_copper_metal_helmet":33,"minecraft:dirt":240,"minecraft:white_banner":4,"minecraft:leather_boots":6,"minecraft:bone":13,"minecraft:apple":10,"minecraft:wheat_seeds":10,"minecraft:iron_ingot":51,"grimoireofgaia:golden_apple_pie_slice":1,"minecraft:stone_pickaxe":22,"minecraft:cobweb":11,"minecraft:iron_sword":50,"minecraft:oak_planks":39,"minecraft:sweet_berries":33,"minecraft:dandelion":5,"minecraft:dripstone_block":13,"grimoireofgaia:emerald_shard":1,"minecraft:gravel":2,"minecraft:barrel":1,"minecraft:spruce_log":7,"minecraft:dark_oak_log":2,"minecraft:spider_eye":12,"alexsmobs:animal_dictionary":2,"minecraft:leather_helmet":11,"minecraft:pumpkin_seeds":7,"minecraft:diamond":5,"minecraft:stone_axe":16,"minecraft:crossbow":24,"minecraft:granite":3,"minecraft:bone_meal":4,"minecraft:chainmail_helmet":1,"minecraft:bread":13,"minecraft:emerald":142,"iceandfire:troll_leather_forest":6,"alexsmobs:maggot":2,"minecraft:baked_potato":759,"minecraft:oak_sapling":12,"minecraft:coal":510,"iceandfire:raw_silver":5},"minecraft:custom":{"minecraft:mob_kills":72,"minecraft:open_barrel":3,"minecraft:interact_with_crafting_table":33,"minecraft:interact_with_campfire":12,"minecraft:damage_dealt_resisted":96,"minecraft:leave_game":4,"minecraft:time_since_death":21515,"minecraft:climb_one_cm":54,"minecraft:sprint_one_cm":646251,"minecraft:walk_one_cm":650147,"minecraft:damage_blocked_by_shield":8805,"minecraft:drop":93,"minecraft:talked_to_villager":1,"minecraft:play_time":280537,"minecraft:deaths":96,"minecraft:sneak_time":4806,"minecraft:walk_under_water_one_cm":33,"minecraft:jump":5347,"minecraft:walk_on_water_one_cm":3751,"minecraft:total_world_time":280537,"minecraft:interact_with_furnace":66,"spartanshields:shield_bash_hits":8,"minecraft:sleep_in_bed":17,"minecraft:time_since_rest":5569,"minecraft:damage_taken":19070,"minecraft:damage_dealt":22007,"minecraft:player_kills":1,"minecraft:swim_one_cm":417,"minecraft:fly_one_cm":790547,"minecraft:open_chest":162,"minecraft:crouch_one_cm":9176,"minecraft:fall_one_cm":203623},"minecraft:dropped":{"minecraft:bread":1,"grimoireofgaia:diamond_shard":2,"minecraft:iron_sword":3,"iceandfire:raw_silver":2,"minecraft:cherry_log":34,"minecraft:oak_log":1,"minecraft:crafting_table":1,"minecraft:crossbow":3,"iceandfire:armor_copper_metal_chestplate":1,"minecraft:cobblestone":3,"minecraft:coal":3,"minecraft:leather_helmet":2,"minecraft:emerald":1,"minecraft:stick":2,"minecraft:dirt":7,"illagerinvasion:platinum_chunk":6,"minecraft:diorite":5,"minecraft:torch":7,"minecraft:wooden_axe":1,"minecraft:cherry_planks":5,"iceandfire:armor_copper_metal_boots":2,"minecraft:wooden_sword":1,"minecraft:gold_nugget":2,"minecraft:iron_pickaxe":3,"minecraft:pink_petals":2,"minecraft:bucket":2,"minecraft:dandelion":1,"minecraft:gravel":1,"minecraft:stone_axe":1,"alexsmobs:maggot":1,"spartanshields:stone_basic_shield":1,"minecraft:stone_sword":1,"minecraft:birch_sapling":1,"minecraft:rotten_flesh":2,"minecraft:oak_planks":4,"minecraft:iron_boots":2,"iceandfire:armor_copper_metal_helmet":1,"minecraft:azure_bluet":2,"minecraft:shield":1,"minecraft:leather_boots":1,"minecraft:spider_eye":2,"minecraft:stone_pickaxe":1,"iceandfire:armor_copper_metal_leggings":3},"minecraft:killed_by":{"minecraft:player":2,"grimoireofgaia:satyress":2,"grimoireofgaia:centaur":1,"minecraft:spider":1,"minecraft:pillager":36,"grimoireofgaia:werecat":2,"grimoireofgaia:gryphon":1,"grimoireofgaia:minotaur":14,"grimoireofgaia:bone_knight":1,"grimoireofgaia:dullahan":2,"minecraft:skeleton":3,"grimoireofgaia:harpy":4,"grimoireofgaia:spriggan":4,"grimoireofgaia:banshee":1,"iceandfire:ghost":9,"grimoireofgaia:mimic":1},"minecraft:used":{"minecraft:stone_sword":17,"iceandfire:armor_copper_metal_leggings":3,"minecraft:chest":5,"minecraft:spruce_planks":4,"minecraft:shield":53,"minecraft:iron_sword":77,"minecraft:torch":173,"iceandfire:armor_copper_metal_boots":5,"minecraft:dirt":47,"minecraft:carrot":12,"minecraft:golden_chestplate":1,"minecraft:granite":2,"minecraft:wooden_axe":33,"minecraft:iron_axe":161,"minecraft:iron_boots":2,"minecraft:furnace":11,"iceandfire:armor_copper_metal_helmet":6,"grimoireofgaia:meat":1,"minecraft:potato":24,"minecraft:pointed_dripstone":10,"minecraft:diorite":6,"minecraft:leather_leggings":3,"minecraft:stone_pickaxe":144,"minecraft:baked_potato":10,"minecraft:oak_planks":65,"minecraft:cherry_planks":1,"minecraft:wooden_pickaxe":13,"minecraft:leather_chestplate":3,"minecraft:leather_boots":4,"minecraft:red_bed":3,"minecraft:crafting_table":4,"minecraft:dripstone_block":12,"minecraft:pumpkin_seeds":1,"minecraft:oak_log":2,"iceandfire:armor_copper_metal_chestplate":6,"minecraft:bread":2,"spartanshields:stone_basic_shield":87,"minecraft:iron_pickaxe":278,"minecraft:leather_helmet":8,"minecraft:gravel":1,"minecraft:stone_axe":78,"minecraft:wooden_sword":32,"minecraft:cobblestone":70,"minecraft:white_banner":2,"minecraft:andesite":1}},"DataVersion":3465}