{"stats":{"minecraft:dropped":{"minecraft:wheat_seeds":1,"minecraft:baked_potato":4,"minecraft:granite":4,"minecraft:dirt":6,"minecraft:red_bed":1,"minecraft:iron_pickaxe":2,"minecraft:stone_axe":2,"spartanshields:stone_basic_shield":2,"minecraft:stone_sword":1,"alexsmobs:animal_dictionary":1,"iceandfire:armor_copper_metal_helmet":1,"minecraft:stone_pickaxe":3},"minecraft:used":{"minecraft:beetroot":34,"minecraft:stone_sword":21,"iceandfire:armor_copper_metal_leggings":8,"minecraft:chest":1,"minecraft:stone":13,"minecraft:rotten_flesh":1,"graveyard:oak_coffin":4,"minecraft:torch":110,"minecraft:dirt":8,"jet_and_elias_armors:mercenary_gear_chestplate":1,"minecraft:carrot":3,"minecraft:oak_wood":1,"minecraft:golden_chestplate":1,"minecraft:granite":5,"minecraft:wooden_axe":3,"minecraft:oak_sapling":2,"minecraft:furnace":1,"iceandfire:armor_copper_metal_helmet":1,"grimoireofgaia:meat":3,"minecraft:egg":1,"minecraft:potato":5,"minecraft:pointed_dripstone":1,"minecraft:wheat_seeds":15,"jet_and_elias_armors:mercenary_gear_helmet":2,"minecraft:baked_potato":5,"minecraft:stone_pickaxe":212,"minecraft:oak_planks":9,"minecraft:wooden_pickaxe":18,"minecraft:chainmail_helmet":3,"minecraft:leather_boots":5,"minecraft:glow_berries":11,"minecraft:mossy_cobblestone":2,"minecraft:crafting_table":3,"minecraft:red_bed":4,"minecraft:oak_log":5,"iceandfire:armor_copper_metal_chestplate":5,"spartanshields:stone_basic_shield":35,"minecraft:iron_pickaxe":3,"minecraft:gravel":6,"minecraft:stone_axe":102,"minecraft:cobblestone":57,"illagerinvasion:platinum_infused_hatchet":67,"minecraft:white_banner":1,"minecraft:andesite":2,"minecraft:candle":4,"minecraft:bone_meal":2},"minecraft:mined":{"iceandfire:silver_ore":10,"minecraft:mossy_cobblestone":2,"minecraft:granite":10,"minecraft:grass_block":8,"minecraft:polished_andesite_slab":2,"minecraft:spruce_leaves":1,"minecraft:iron_ore":20,"minecraft:fire":78,"minecraft:andesite":1,"minecraft:pointed_dripstone":1,"minecraft:potatoes":14,"minecraft:vine":33,"minecraft:stone":100,"minecraft:red_bed":2,"minecraft:crafting_table":1,"minecraft:oak_wood":1,"minecraft:andesite_slab":1,"minecraft:chest":1,"minecraft:tall_grass":6,"minecraft:copper_ore":8,"minecraft:cobblestone":10,"minecraft:oak_planks":15,"minecraft:diorite":1,"graveyard:oak_coffin":4,"minecraft:wheat":9,"minecraft:grass":30,"minecraft:oak_log":7,"minecraft:coal_ore":42,"minecraft:beetroots":28,"minecraft:gravel":27,"minecraft:dripstone_block":1,"minecraft:dirt":9,"minecraft:cobweb":4,"minecraft:oak_leaves":8},"minecraft:broken":{"minecraft:wooden_pickaxe":1,"minecraft:stone_pickaxe":1,"spartanshields:stone_basic_shield":1,"minecraft:leather_boots":1},"minecraft:custom":{"minecraft:mob_kills":34,"minecraft:interact_with_crafting_table":26,"minecraft:leave_game":7,"minecraft:time_since_death":24048,"minecraft:climb_one_cm":9101,"minecraft:sprint_one_cm":634839,"minecraft:walk_one_cm":513099,"minecraft:damage_blocked_by_shield":3315,"minecraft:drop":25,"minecraft:talked_to_villager":1,"minecraft:play_time":212396,"minecraft:sneak_time":3786,"minecraft:deaths":65,"minecraft:walk_under_water_one_cm":736,"minecraft:jump":5497,"minecraft:walk_on_water_one_cm":1844,"minecraft:total_world_time":212396,"minecraft:interact_with_furnace":27,"spartanshields:shield_bash_hits":8,"minecraft:sleep_in_bed":10,"minecraft:time_since_rest":24077,"minecraft:damage_taken":15189,"minecraft:damage_dealt":11780,"minecraft:player_kills":3,"minecraft:swim_one_cm":2832,"minecraft:fly_one_cm":1140047,"minecraft:open_chest":63,"minecraft:crouch_one_cm":7545,"minecraft:fall_one_cm":138912},"minecraft:killed_by":{"minecraft:player":11,"grimoireofgaia:satyress":3,"grimoireofgaia:minotaur":13,"minecraft:vindicator":2,"grimoireofgaia:deathword":1,"grimoireofgaia:minotaurus":17,"minecraft:skeleton":5,"grimoireofgaia:harpy":7},"minecraft:picked_up":{"minecraft:wooden_axe":5,"minecraft:crafting_table":4,"minecraft:wheat":10,"illagerinvasion:platinum_chunk":1,"minecraft:ladder":9,"iceandfire:armor_copper_metal_chestplate":22,"minecraft:wooden_pickaxe":3,"minecraft:heavy_weighted_pressure_plate":1,"minecraft:string":319,"minecraft:red_bed":13,"minecraft:raw_copper":48,"minecraft:flint_and_steel":9,"minecraft:iron_leggings":2,"minecraft:beetroot":187,"jet_and_elias_armors:mercenary_gear_boots":7,"illagerinvasion:platinum_infused_hatchet":13,"jet_and_elias_armors:mercenary_gear_chestplate":5,"minecraft:candle":4,"minecraft:tnt_minecart":6,"minecraft:gold_nugget":3,"minecraft:bucket":7,"arthropocolypse:beetle_fragment":7,"minecraft:iron_nugget":136,"minecraft:iron_pickaxe":11,"minecraft:chest":9,"minecraft:egg":1,"minecraft:stick":249,"minecraft:raw_iron":59,"minecraft:stone":9,"grimoireofgaia:meat":6,"iceandfire:armor_copper_metal_leggings":18,"minecraft:copper_ingot":6,"minecraft:torch":119,"minecraft:spruce_fence":4,"minecraft:pointed_dripstone":2,"minecraft:diorite":24,"iceandfire:armor_copper_metal_boots":2,"minecraft:carrot":68,"spartanshields:stone_basic_shield":42,"minecraft:golden_chestplate":2,"iceandfire:silver_ingot":2,"minecraft:stone_sword":35,"minecraft:arrow":13,"minecraft:rotten_flesh":102,"minecraft:stone_shovel":2,"minecraft:beetroot_seeds":125,"spartanshields:copper_tower_shield":2,"minecraft:shears":9,"minecraft:glow_berries":1,"minecraft:bone_block":1,"minecraft:rail":3,"minecraft:white_wool":39,"minecraft:cobblestone":771,"minecraft:feather":80,"minecraft:andesite":10,"minecraft:leather":12,"minecraft:potato":120,"minecraft:flint":3,"minecraft:oak_log":132,"jet_and_elias_armors:mercenary_gear_helmet":10,"minecraft:gunpowder":4,"iceandfire:armor_copper_metal_helmet":8,"minecraft:dirt":610,"minecraft:paper":2,"minecraft:white_banner":3,"minecraft:leather_boots":12,"minecraft:bone":53,"minecraft:bow":3,"minecraft:wheat_seeds":44,"minecraft:stone_pickaxe":56,"minecraft:iron_ingot":57,"minecraft:cobweb":20,"spartanshields:wooden_basic_shield":1,"minecraft:polished_andesite_slab":2,"minecraft:stone_hoe":1,"minecraft:oak_planks":303,"minecraft:dandelion":8,"minecraft:dripstone_block":2,"minecraft:gravel":41,"minecraft:spruce_sapling":4,"minecraft:spruce_door":1,"minecraft:spider_eye":3,"alexsmobs:animal_dictionary":4,"minecraft:mossy_cobblestone":2,"graveyard:oak_coffin":4,"minecraft:oak_wood":1,"minecraft:stone_axe":58,"minecraft:granite":56,"minecraft:bone_meal":53,"minecraft:emerald":15,"minecraft:chainmail_helmet":12,"minecraft:baked_potato":43,"minecraft:oak_sapling":7,"minecraft:coal":200,"minecraft:andesite_slab":1,"iceandfire:raw_silver":79},"minecraft:killed":{"grimoireofgaia:satyress":5,"alexsmobs:raccoon":1,"minecraft:spider":2,"minecraft:vindicator":1,"illagerinvasion:marauder":2,"grimoireofgaia:minotaurus":3,"minecraft:skeleton":2,"minecraft:horse":3,"grimoireofgaia:mimic":2,"arthropocolypse:field_cricket":1,"minecraft:creeper":1,"minecraft:pillager":1,"minecraft:zombie":3,"grimoireofgaia:deathword":1,"grimoireofgaia:harpy":6},"minecraft:crafted":{"minecraft:oak_planks":44,"minecraft:furnace":1,"iceandfire:armor_copper_metal_leggings":1,"minecraft:bone_meal":6,"firstaid:plaster":1,"minecraft:heavy_weighted_pressure_plate":2,"iceandfire:armor_copper_metal_helmet":1,"minecraft:flint_and_steel":1,"jet_and_elias_armors:mercenary_gear_helmet":1,"jet_and_elias_armors:mercenary_gear_chestplate":1,"minecraft:stone_pickaxe":3,"iceandfire:armor_copper_metal_chestplate":1,"minecraft:crafting_table":2,"minecraft:wooden_pickaxe":1,"spartanshields:stone_basic_shield":1,"minecraft:copper_ingot":35,"minecraft:stone_axe":2,"minecraft:air":0,"minecraft:stick":92,"minecraft:iron_ingot":17,"minecraft:stone_sword":1,"firstaid:bandage":4,"spartanshields:wooden_basic_shield":1,"jet_and_elias_armors:mercenary_gear_boots":1,"minecraft:torch":108,"minecraft:shears":1}},"DataVersion":3465}