{"stats":{"minecraft:killed_by":{"grimoireofgaia:satyress":2,"grimoireofgaia:centaur":1,"minecraft:pillager":22,"grimoireofgaia:werecat":2,"grimoireofgaia:minotaur":14,"grimoireofgaia:dullahan":1,"minecraft:skeleton":2,"grimoireofgaia:harpy":3,"grimoireofgaia:spriggan":2,"iceandfire:ghost":9},"minecraft:crafted":{"minecraft:wooden_sword":1,"minecraft:oak_planks":80,"minecraft:furnace":2,"minecraft:iron_axe":1,"minecraft:stone_pickaxe":1,"minecraft:crafting_table":2,"minecraft:spruce_planks":28,"minecraft:wooden_pickaxe":1,"minecraft:iron_sword":1,"spartanshields:stone_basic_shield":1,"minecraft:birch_planks":24,"minecraft:stone_axe":2,"minecraft:air":0,"minecraft:shield":1,"minecraft:stick":56,"minecraft:iron_ingot":8,"minecraft:iron_pickaxe":1,"minecraft:wooden_axe":1,"minecraft:stone_sword":1,"spartanshields:wooden_basic_shield":1,"minecraft:torch":112},"minecraft:broken":{"minecraft:stone_axe":1},"minecraft:killed":{"grimoireofgaia:minotaur":1,"grimoireofgaia:dullahan":1,"minecraft:pillager":18,"iceandfire:ghost":2,"grimoireofgaia:harpy":1},"minecraft:custom":{"minecraft:mob_kills":25,"minecraft:interact_with_crafting_table":18,"minecraft:interact_with_campfire":12,"minecraft:damage_dealt_resisted":96,"minecraft:leave_game":2,"minecraft:time_since_death":12937,"minecraft:climb_one_cm":54,"minecraft:sprint_one_cm":272605,"minecraft:walk_one_cm":300622,"minecraft:damage_blocked_by_shield":1845,"minecraft:drop":34,"minecraft:talked_to_villager":1,"minecraft:play_time":115721,"minecraft:deaths":65,"minecraft:sneak_time":3294,"minecraft:jump":2587,"minecraft:walk_on_water_one_cm":43,"minecraft:total_world_time":115721,"minecraft:interact_with_furnace":8,"spartanshields:shield_bash_hits":4,"minecraft:sleep_in_bed":9,"minecraft:time_since_rest":2517,"minecraft:damage_taken":12891,"minecraft:damage_dealt":8903,"minecraft:fly_one_cm":399469,"minecraft:open_chest":69,"minecraft:crouch_one_cm":6595,"minecraft:fall_one_cm":96883},"minecraft:mined":{"minecraft:grass_block":12,"minecraft:composter":1,"minecraft:carrots":6,"minecraft:iron_ore":9,"minecraft:fire":3,"minecraft:azure_bluet":6,"minecraft:potatoes":13,"minecraft:stone":142,"minecraft:red_bed":3,"minecraft:dandelion":1,"minecraft:crafting_table":1,"minecraft:emerald_ore":1,"minecraft:chest":1,"minecraft:tall_grass":7,"minecraft:cobblestone":7,"minecraft:oak_planks":9,"minecraft:birch_log":7,"minecraft:birch_leaves":2,"minecraft:grass":25,"minecraft:oak_log":23,"minecraft:coal_ore":54,"minecraft:beetroots":7,"minecraft:dirt":52,"minecraft:oak_leaves":29},"minecraft:dropped":{"grimoireofgaia:diamond_shard":2,"minecraft:crafting_table":1,"minecraft:crossbow":2,"minecraft:cobblestone":1,"minecraft:leather_helmet":2,"minecraft:emerald":1,"minecraft:dirt":7,"illagerinvasion:platinum_chunk":5,"minecraft:wooden_axe":1,"minecraft:wooden_sword":1,"minecraft:dandelion":1,"minecraft:stone_axe":1,"alexsmobs:maggot":1,"minecraft:stone_sword":1,"minecraft:birch_sapling":1,"minecraft:oak_planks":3,"minecraft:shield":1,"minecraft:leather_boots":1,"minecraft:stone_pickaxe":1},"minecraft:used":{"minecraft:stone_sword":17,"minecraft:shield":33,"minecraft:iron_sword":17,"minecraft:torch":21,"minecraft:dirt":41,"minecraft:carrot":6,"minecraft:golden_chestplate":1,"minecraft:wooden_axe":33,"minecraft:iron_axe":7,"minecraft:furnace":2,"minecraft:potato":15,"minecraft:leather_leggings":3,"minecraft:stone_pickaxe":100,"minecraft:baked_potato":1,"minecraft:oak_planks":63,"minecraft:leather_chestplate":3,"minecraft:wooden_pickaxe":13,"minecraft:leather_boots":4,"minecraft:crafting_table":3,"minecraft:red_bed":3,"minecraft:pumpkin_seeds":1,"minecraft:oak_log":2,"minecraft:iron_pickaxe":115,"minecraft:leather_helmet":8,"minecraft:stone_axe":76,"minecraft:wooden_sword":32,"minecraft:cobblestone":39,"minecraft:white_banner":1},"minecraft:picked_up":{"minecraft:wooden_axe":7,"minecraft:crafting_table":2,"minecraft:azure_bluet":10,"grimoireofgaia:soulfire":2,"illagerinvasion:platinum_chunk":15,"minecraft:leather_leggings":6,"minecraft:lead":1,"minecraft:wooden_pickaxe":4,"minecraft:shield":3,"minecraft:red_bed":3,"minecraft:wooden_sword":8,"minecraft:beetroot":12,"minecraft:gold_nugget":5,"minecraft:iron_nugget":20,"minecraft:chest":1,"minecraft:birch_sapling":4,"minecraft:stick":139,"minecraft:raw_iron":9,"grimoireofgaia:diamond_shard":3,"minecraft:composter":5,"minecraft:torch":24,"minecraft:fire_charge":2,"minecraft:carrot":6,"minecraft:golden_chestplate":2,"iceandfire:silver_ingot":9,"minecraft:stone_sword":12,"minecraft:arrow":15,"minecraft:beetroot_seeds":18,"minecraft:obsidian":4,"minecraft:white_wool":6,"minecraft:cobblestone":201,"minecraft:birch_log":7,"minecraft:leather_chestplate":5,"minecraft:leather":8,"minecraft:potato":40,"minecraft:birch_planks":2,"minecraft:oak_log":53,"minecraft:dirt":193,"minecraft:white_banner":2,"minecraft:leather_boots":6,"minecraft:apple":10,"minecraft:wheat_seeds":10,"minecraft:iron_ingot":24,"grimoireofgaia:golden_apple_pie_slice":1,"minecraft:stone_pickaxe":14,"minecraft:iron_sword":3,"minecraft:oak_planks":37,"minecraft:dandelion":5,"grimoireofgaia:emerald_shard":1,"minecraft:spruce_log":7,"minecraft:dark_oak_log":2,"alexsmobs:animal_dictionary":2,"minecraft:leather_helmet":11,"minecraft:pumpkin_seeds":1,"minecraft:diamond":5,"minecraft:stone_axe":6,"minecraft:crossbow":2,"minecraft:emerald":15,"minecraft:chainmail_helmet":1,"alexsmobs:maggot":2,"minecraft:baked_potato":12,"minecraft:oak_sapling":12,"minecraft:coal":54}},"DataVersion":3465}