{"stats":{"minecraft:killed_by":{"grimoireofgaia:satyress":1,"minecraft:skeleton":2,"grimoireofgaia:centaur":1,"grimoireofgaia:spriggan":1,"iceandfire:ghost":8,"grimoireofgaia:werecat":2},"minecraft:custom":{"minecraft:time_since_rest":13,"minecraft:crouch_one_cm":123,"minecraft:sprint_one_cm":53416,"minecraft:play_time":19721,"minecraft:deaths":15,"minecraft:damage_taken":2895,"minecraft:walk_one_cm":37255,"minecraft:sneak_time":62,"minecraft:drop":1,"minecraft:jump":568,"minecraft:damage_dealt":418,"minecraft:leave_game":2,"minecraft:time_since_death":0,"minecraft:total_world_time":19721,"minecraft:fall_one_cm":29225,"minecraft:fly_one_cm":98679},"minecraft:mined":{"minecraft:grass":1,"minecraft:grass_block":6,"minecraft:dirt":6,"minecraft:birch_log":1,"minecraft:birch_leaves":1,"minecraft:oak_leaves":20},"minecraft:dropped":{"alexsmobs:maggot":1},"minecraft:used":{"minecraft:dirt":3},"minecraft:picked_up":{"minecraft:birch_log":1,"alexsmobs:maggot":1,"alexsmobs:animal_dictionary":2,"minecraft:dirt":11}},"DataVersion":3465}