{"stats":{"minecraft:dropped":{"minecraft:wheat_seeds":1,"minecraft:granite":4,"minecraft:dirt":6,"minecraft:red_bed":1,"minecraft:iron_pickaxe":2,"minecraft:stone_axe":2,"spartanshields:stone_basic_shield":2,"minecraft:stone_sword":1,"alexsmobs:animal_dictionary":1,"iceandfire:armor_copper_metal_helmet":1,"minecraft:stone_pickaxe":3},"minecraft:used":{"minecraft:beetroot":19,"minecraft:stone_sword":14,"iceandfire:armor_copper_metal_leggings":7,"minecraft:chest":1,"minecraft:stone":13,"minecraft:rotten_flesh":1,"graveyard:oak_coffin":4,"minecraft:torch":106,"minecraft:dirt":1,"minecraft:carrot":3,"minecraft:oak_wood":1,"minecraft:granite":4,"minecraft:wooden_axe":3,"minecraft:oak_sapling":1,"minecraft:furnace":1,"iceandfire:armor_copper_metal_helmet":1,"grimoireofgaia:meat":3,"minecraft:egg":1,"minecraft:potato":5,"minecraft:wheat_seeds":1,"jet_and_elias_armors:mercenary_gear_helmet":1,"minecraft:baked_potato":1,"minecraft:stone_pickaxe":208,"minecraft:oak_planks":9,"minecraft:wooden_pickaxe":18,"minecraft:chainmail_helmet":3,"minecraft:leather_boots":5,"minecraft:glow_berries":11,"minecraft:mossy_cobblestone":2,"minecraft:crafting_table":3,"minecraft:red_bed":1,"minecraft:oak_log":4,"iceandfire:armor_copper_metal_chestplate":5,"spartanshields:stone_basic_shield":35,"minecraft:iron_pickaxe":3,"minecraft:stone_axe":99,"minecraft:cobblestone":53,"illagerinvasion:platinum_infused_hatchet":43,"minecraft:andesite":2,"minecraft:candle":4,"minecraft:bone_meal":2},"minecraft:mined":{"iceandfire:silver_ore":10,"minecraft:mossy_cobblestone":2,"minecraft:granite":6,"minecraft:grass_block":5,"minecraft:polished_andesite_slab":2,"minecraft:spruce_leaves":1,"minecraft:iron_ore":20,"minecraft:fire":4,"minecraft:andesite":1,"minecraft:pointed_dripstone":1,"minecraft:potatoes":5,"minecraft:vine":33,"minecraft:stone":100,"minecraft:red_bed":2,"minecraft:crafting_table":1,"minecraft:oak_wood":1,"minecraft:chest":1,"minecraft:andesite_slab":1,"minecraft:tall_grass":6,"minecraft:copper_ore":8,"minecraft:cobblestone":10,"minecraft:oak_planks":13,"minecraft:diorite":1,"graveyard:oak_coffin":4,"minecraft:wheat":1,"minecraft:grass":16,"minecraft:oak_log":7,"minecraft:coal_ore":42,"minecraft:gravel":16,"minecraft:dripstone_block":1,"minecraft:dirt":5,"minecraft:cobweb":1,"minecraft:oak_leaves":3},"minecraft:broken":{"minecraft:wooden_pickaxe":1,"minecraft:stone_pickaxe":1,"spartanshields:stone_basic_shield":1,"minecraft:leather_boots":1},"minecraft:custom":{"minecraft:mob_kills":27,"minecraft:interact_with_crafting_table":24,"minecraft:leave_game":3,"minecraft:time_since_death":1246,"minecraft:climb_one_cm":9101,"minecraft:sprint_one_cm":445578,"minecraft:walk_one_cm":384588,"minecraft:damage_blocked_by_shield":3315,"minecraft:drop":24,"minecraft:talked_to_villager":1,"minecraft:play_time":146058,"minecraft:deaths":40,"minecraft:sneak_time":3580,"minecraft:walk_under_water_one_cm":421,"minecraft:jump":3761,"minecraft:walk_on_water_one_cm":1019,"minecraft:total_world_time":146058,"minecraft:interact_with_furnace":25,"spartanshields:shield_bash_hits":8,"minecraft:sleep_in_bed":9,"minecraft:time_since_rest":1271,"minecraft:damage_taken":8627,"minecraft:damage_dealt":9690,"minecraft:fly_one_cm":761261,"minecraft:player_kills":2,"minecraft:open_chest":30,"minecraft:crouch_one_cm":7268,"minecraft:fall_one_cm":92492},"minecraft:killed_by":{"minecraft:player":8,"grimoireofgaia:satyress":3,"minecraft:vindicator":1,"grimoireofgaia:deathword":1,"grimoireofgaia:minotaurus":16,"minecraft:skeleton":4,"grimoireofgaia:harpy":7},"minecraft:picked_up":{"minecraft:wooden_axe":3,"minecraft:crafting_table":4,"minecraft:wheat":4,"illagerinvasion:platinum_chunk":1,"minecraft:ladder":6,"iceandfire:armor_copper_metal_chestplate":19,"minecraft:wooden_pickaxe":2,"minecraft:string":227,"minecraft:red_bed":9,"minecraft:raw_copper":48,"minecraft:beetroot":66,"jet_and_elias_armors:mercenary_gear_boots":4,"illagerinvasion:platinum_infused_hatchet":6,"minecraft:candle":4,"minecraft:tnt_minecart":6,"minecraft:gold_nugget":1,"minecraft:bucket":7,"arthropocolypse:beetle_fragment":7,"minecraft:iron_nugget":42,"minecraft:iron_pickaxe":11,"minecraft:chest":9,"minecraft:egg":1,"minecraft:stick":108,"minecraft:raw_iron":59,"minecraft:stone":9,"grimoireofgaia:meat":6,"iceandfire:armor_copper_metal_leggings":16,"minecraft:copper_ingot":2,"minecraft:torch":101,"minecraft:spruce_fence":3,"minecraft:pointed_dripstone":2,"minecraft:diorite":22,"iceandfire:armor_copper_metal_boots":1,"minecraft:carrot":68,"spartanshields:stone_basic_shield":36,"minecraft:rotten_flesh":102,"minecraft:stone_sword":32,"iceandfire:silver_ingot":2,"minecraft:arrow":2,"minecraft:stone_shovel":2,"minecraft:beetroot_seeds":5,"minecraft:shears":3,"minecraft:glow_berries":1,"minecraft:rail":3,"minecraft:bone_block":1,"minecraft:white_wool":39,"minecraft:cobblestone":707,"minecraft:feather":36,"minecraft:andesite":9,"minecraft:leather":2,"minecraft:potato":17,"minecraft:flint":1,"minecraft:oak_log":131,"jet_and_elias_armors:mercenary_gear_helmet":3,"minecraft:gunpowder":4,"iceandfire:armor_copper_metal_helmet":7,"minecraft:dirt":300,"minecraft:paper":2,"minecraft:leather_boots":12,"minecraft:bone":45,"minecraft:wheat_seeds":27,"minecraft:iron_ingot":32,"minecraft:stone_pickaxe":48,"minecraft:cobweb":20,"spartanshields:wooden_basic_shield":1,"minecraft:polished_andesite_slab":2,"minecraft:stone_hoe":1,"minecraft:oak_planks":153,"minecraft:dandelion":2,"minecraft:dripstone_block":2,"minecraft:gravel":25,"minecraft:spruce_sapling":3,"alexsmobs:animal_dictionary":4,"minecraft:spruce_door":1,"minecraft:spider_eye":3,"minecraft:mossy_cobblestone":2,"graveyard:oak_coffin":4,"minecraft:oak_wood":1,"minecraft:stone_axe":48,"minecraft:granite":49,"minecraft:bone_meal":32,"minecraft:emerald":8,"minecraft:chainmail_helmet":10,"minecraft:baked_potato":8,"minecraft:oak_sapling":6,"minecraft:coal":98,"minecraft:andesite_slab":1,"iceandfire:raw_silver":66},"minecraft:killed":{"grimoireofgaia:satyress":5,"minecraft:spider":2,"illagerinvasion:marauder":1,"grimoireofgaia:minotaurus":2,"minecraft:skeleton":2,"grimoireofgaia:mimic":2,"arthropocolypse:field_cricket":1,"minecraft:creeper":1,"minecraft:pillager":1,"minecraft:zombie":3,"grimoireofgaia:deathword":1,"grimoireofgaia:harpy":6},"minecraft:crafted":{"minecraft:oak_planks":44,"minecraft:furnace":1,"iceandfire:armor_copper_metal_leggings":1,"minecraft:bone_meal":6,"firstaid:plaster":1,"minecraft:heavy_weighted_pressure_plate":1,"iceandfire:armor_copper_metal_helmet":1,"jet_and_elias_armors:mercenary_gear_helmet":1,"minecraft:stone_pickaxe":3,"iceandfire:armor_copper_metal_chestplate":1,"minecraft:crafting_table":2,"minecraft:wooden_pickaxe":1,"spartanshields:stone_basic_shield":1,"minecraft:copper_ingot":35,"minecraft:stone_axe":2,"minecraft:air":0,"minecraft:stick":44,"minecraft:iron_ingot":17,"minecraft:stone_sword":1,"firstaid:bandage":4,"spartanshields:wooden_basic_shield":1,"jet_and_elias_armors:mercenary_gear_boots":1,"minecraft:torch":108,"minecraft:shears":1}},"DataVersion":3465}