{"stats":{"minecraft:killed_by":{"grimoireofgaia:satyress":1,"grimoireofgaia:centaur":1},"minecraft:custom":{"minecraft:time_since_rest":2087,"minecraft:damage_dealt":22,"minecraft:damage_taken":385,"minecraft:leave_game":2,"minecraft:play_time":7721,"minecraft:sprint_one_cm":11470,"minecraft:time_since_death":2059,"minecraft:walk_one_cm":7821,"minecraft:deaths":2,"minecraft:sneak_time":11,"minecraft:total_world_time":7721,"minecraft:fall_one_cm":5431,"minecraft:fly_one_cm":18155,"minecraft:jump":152},"minecraft:mined":{"minecraft:grass":1,"minecraft:grass_block":1,"minecraft:oak_leaves":7},"minecraft:picked_up":{"minecraft:dirt":1},"minecraft:used":{"minecraft:dirt":1}},"DataVersion":3465}