{"stats":{"minecraft:used":{"minecraft:torch":1,"minecraft:sand":1,"stalwart_dungeons:chorundum_axe":11,"stalwart_dungeons:chorundum_sword":3},"minecraft:dropped":{"alexsmobs:maggot":1,"minecraft:sand":1,"minecraft:iron_nugget":1,"alexsmobs:flying_fish":2,"minecraft:bone":1},"minecraft:killed_by":{"grimoireofgaia:ant_salvager":1,"grimoireofgaia:mummy":1,"minecraft:creeper":1},"minecraft:picked_up":{"minecraft:bone":1,"minecraft:iron_nugget":1,"alexsmobs:maggot":1,"alexsmobs:flying_fish":2},"minecraft:killed":{"alexsmobs:seal":1,"arthropocolypse:wharf_roach":3,"alexsmobs:fly":1,"grimoireofgaia:mummy":1,"minecraft:zombie":1,"grimoireofgaia:gravemite":2,"alexsmobs:flying_fish":1},"minecraft:custom":{"minecraft:time_since_rest":1782,"minecraft:crouch_one_cm":1218,"minecraft:play_time":12596,"minecraft:sprint_one_cm":24375,"minecraft:walk_one_cm":20778,"minecraft:damage_taken":408,"minecraft:deaths":3,"minecraft:sneak_time":809,"minecraft:mob_kills":10,"minecraft:drop":6,"minecraft:jump":244,"minecraft:damage_dealt":1327,"minecraft:time_since_death":1756,"minecraft:total_world_time":12596,"minecraft:fall_one_cm":2717,"minecraft:fly_one_cm":143543}},"DataVersion":3465}