{"stats":{"minecraft:killed_by":{"grimoireofgaia:satyress":2,"grimoireofgaia:centaur":1,"minecraft:spider":1,"minecraft:pillager":22,"grimoireofgaia:werecat":2,"grimoireofgaia:minotaur":14,"grimoireofgaia:dullahan":1,"minecraft:skeleton":2,"grimoireofgaia:harpy":4,"grimoireofgaia:spriggan":3,"iceandfire:ghost":9},"minecraft:crafted":{"minecraft:wooden_sword":1,"minecraft:oak_planks":80,"minecraft:furnace":2,"minecraft:iron_axe":1,"minecraft:stone_pickaxe":1,"minecraft:crafting_table":2,"minecraft:spruce_planks":28,"minecraft:wooden_pickaxe":1,"minecraft:iron_sword":1,"spartanshields:stone_basic_shield":1,"minecraft:birch_planks":24,"minecraft:stone_axe":2,"minecraft:air":0,"minecraft:shield":1,"minecraft:stick":56,"minecraft:iron_ingot":8,"minecraft:iron_pickaxe":1,"minecraft:wooden_axe":1,"minecraft:stone_sword":1,"spartanshields:wooden_basic_shield":1,"minecraft:torch":112},"minecraft:broken":{"spartanshields:stone_basic_shield":1,"minecraft:stone_axe":1},"minecraft:killed":{"minecraft:spider":1,"grimoireofgaia:minotaur":1,"grimoireofgaia:spriggan":1,"grimoireofgaia:dullahan":1,"minecraft:pillager":18,"minecraft:zombie":1,"iceandfire:ghost":2,"grimoireofgaia:harpy":1,"grimoireofgaia:werecat":1},"minecraft:custom":{"minecraft:mob_kills":29,"minecraft:interact_with_crafting_table":18,"minecraft:interact_with_campfire":12,"minecraft:damage_dealt_resisted":96,"minecraft:leave_game":2,"minecraft:time_since_death":2116,"minecraft:climb_one_cm":54,"minecraft:sprint_one_cm":306498,"minecraft:walk_one_cm":330751,"minecraft:damage_blocked_by_shield":4125,"minecraft:drop":35,"minecraft:talked_to_villager":1,"minecraft:play_time":127721,"minecraft:deaths":68,"minecraft:sneak_time":3619,"minecraft:jump":2791,"minecraft:walk_on_water_one_cm":1911,"minecraft:total_world_time":127721,"minecraft:interact_with_furnace":8,"spartanshields:shield_bash_hits":8,"minecraft:sleep_in_bed":9,"minecraft:time_since_rest":2142,"minecraft:damage_taken":13695,"minecraft:damage_dealt":10428,"minecraft:fly_one_cm":425992,"minecraft:open_chest":69,"minecraft:crouch_one_cm":7015,"minecraft:fall_one_cm":101750},"minecraft:mined":{"minecraft:spruce_planks":1,"minecraft:grass_block":12,"minecraft:composter":1,"minecraft:carrots":6,"minecraft:iron_ore":43,"minecraft:fire":3,"minecraft:azure_bluet":6,"minecraft:potatoes":13,"minecraft:stone":161,"minecraft:red_bed":3,"minecraft:dandelion":1,"minecraft:crafting_table":1,"minecraft:emerald_ore":2,"minecraft:chest":1,"minecraft:tall_grass":7,"minecraft:cobblestone":9,"minecraft:oak_planks":9,"minecraft:birch_log":7,"minecraft:birch_leaves":2,"minecraft:grass":25,"minecraft:oak_log":23,"minecraft:coal_ore":106,"minecraft:beetroots":7,"minecraft:dirt":52,"minecraft:oak_leaves":29},"minecraft:dropped":{"grimoireofgaia:diamond_shard":2,"minecraft:crafting_table":1,"minecraft:crossbow":2,"minecraft:cobblestone":2,"minecraft:leather_helmet":2,"minecraft:emerald":1,"minecraft:dirt":7,"illagerinvasion:platinum_chunk":5,"minecraft:wooden_axe":1,"minecraft:wooden_sword":1,"minecraft:dandelion":1,"minecraft:stone_axe":1,"alexsmobs:maggot":1,"minecraft:stone_sword":1,"minecraft:birch_sapling":1,"minecraft:oak_planks":3,"minecraft:shield":1,"minecraft:leather_boots":1,"minecraft:stone_pickaxe":1},"minecraft:used":{"minecraft:stone_sword":17,"minecraft:spruce_planks":4,"minecraft:shield":37,"minecraft:iron_sword":17,"minecraft:torch":58,"minecraft:dirt":41,"minecraft:carrot":6,"minecraft:golden_chestplate":1,"minecraft:wooden_axe":33,"minecraft:iron_axe":28,"minecraft:furnace":2,"minecraft:potato":15,"minecraft:leather_leggings":3,"minecraft:stone_pickaxe":102,"minecraft:baked_potato":2,"minecraft:oak_planks":63,"minecraft:leather_chestplate":3,"minecraft:wooden_pickaxe":13,"minecraft:leather_boots":4,"minecraft:crafting_table":3,"minecraft:red_bed":3,"minecraft:pumpkin_seeds":1,"minecraft:oak_log":2,"spartanshields:stone_basic_shield":20,"minecraft:iron_pickaxe":221,"minecraft:leather_helmet":8,"minecraft:stone_axe":76,"minecraft:wooden_sword":32,"minecraft:cobblestone":44,"minecraft:white_banner":1},"minecraft:picked_up":{"minecraft:wooden_axe":7,"minecraft:crafting_table":2,"minecraft:azure_bluet":10,"grimoireofgaia:soulfire":8,"illagerinvasion:platinum_chunk":15,"minecraft:leather_leggings":6,"minecraft:lead":1,"minecraft:wooden_pickaxe":4,"minecraft:shield":5,"minecraft:red_bed":3,"minecraft:iron_axe":3,"minecraft:wooden_sword":8,"minecraft:beetroot":12,"minecraft:gold_nugget":6,"minecraft:spruce_planks":49,"minecraft:iron_pickaxe":3,"minecraft:iron_nugget":26,"minecraft:chest":1,"minecraft:birch_sapling":4,"minecraft:stick":169,"minecraft:raw_iron":114,"grimoireofgaia:diamond_shard":3,"grimoireofgaia:meat":3,"minecraft:composter":5,"minecraft:torch":228,"minecraft:fire_charge":2,"minecraft:diorite":8,"minecraft:carrot":6,"spartanshields:stone_basic_shield":3,"minecraft:golden_chestplate":2,"iceandfire:silver_ingot":9,"minecraft:stone_sword":12,"minecraft:arrow":15,"minecraft:rotten_flesh":6,"minecraft:beetroot_seeds":18,"minecraft:obsidian":4,"minecraft:white_wool":6,"minecraft:cobblestone":491,"minecraft:birch_log":7,"minecraft:leather_chestplate":5,"minecraft:leather":8,"minecraft:potato":40,"minecraft:birch_planks":2,"minecraft:oak_log":54,"minecraft:dirt":193,"minecraft:white_banner":2,"minecraft:leather_boots":6,"minecraft:apple":10,"minecraft:wheat_seeds":10,"minecraft:iron_ingot":24,"grimoireofgaia:golden_apple_pie_slice":1,"minecraft:stone_pickaxe":17,"minecraft:iron_sword":4,"minecraft:oak_planks":37,"minecraft:dandelion":5,"grimoireofgaia:emerald_shard":1,"minecraft:spruce_log":7,"minecraft:spider_eye":2,"minecraft:dark_oak_log":2,"alexsmobs:animal_dictionary":2,"minecraft:leather_helmet":11,"minecraft:pumpkin_seeds":1,"minecraft:diamond":5,"minecraft:stone_axe":9,"minecraft:crossbow":2,"minecraft:bread":6,"minecraft:emerald":21,"minecraft:chainmail_helmet":1,"alexsmobs:maggot":2,"minecraft:baked_potato":37,"minecraft:oak_sapling":12,"minecraft:coal":258}},"DataVersion":3465}