{"stats":{"minecraft:dropped":{"minecraft:leather":5,"minecraft:porkchop":5,"minecraft:beef":10,"minecraft:cooked_beef":1,"iceandfire:dragonsteel_lightning_sword":1,"minecraft:grass_block":1},"minecraft:killed":{"minecraft:pig":2,"minecraft:zombified_piglin":1,"iceandfire:cyclops":1,"minecraft:cow":6},"minecraft:used":{"minecraft:dirt":89,"iceandfire:spawn_egg_lightning_dragon":1,"minecraft:flint_and_steel":4,"minecraft:tnt":1,"minecraft:grass_block":63,"iceandfire:dragonsteel_lightning_sword":18,"minecraft:cooked_beef":3,"iceandfire:spawn_egg_cyclops":5,"minecraft:grass":3},"minecraft:custom":{"minecraft:time_since_rest":16614,"minecraft:crouch_one_cm":1970,"minecraft:play_time":16614,"minecraft:sprint_one_cm":26345,"minecraft:walk_one_cm":16066,"minecraft:sneak_time":976,"minecraft:mob_kills":11,"minecraft:drop":6,"minecraft:jump":233,"minecraft:damage_dealt":2633,"minecraft:leave_game":1,"minecraft:time_since_death":16614,"minecraft:walk_on_water_one_cm":1061,"minecraft:total_world_time":16614,"minecraft:player_kills":1,"minecraft:fly_one_cm":171982},"minecraft:picked_up":{"minecraft:cooked_beef":2,"iceandfire:cyclops_eye":1,"minecraft:leather":15,"minecraft:wheat_seeds":4,"minecraft:beef":20,"minecraft:porkchop":10,"minecraft:mutton":2,"minecraft:dirt":93,"minecraft:white_wool":2}},"DataVersion":3465}