{"stats":{"minecraft:killed_by":{"grimoireofgaia:satyress":2,"grimoireofgaia:dullahan":1,"minecraft:skeleton":2,"grimoireofgaia:harpy":3,"grimoireofgaia:centaur":1,"grimoireofgaia:spriggan":2,"minecraft:pillager":21,"iceandfire:ghost":9,"grimoireofgaia:werecat":2},"minecraft:crafted":{"minecraft:wooden_sword":1,"minecraft:oak_planks":80,"minecraft:crafting_table":2,"minecraft:wooden_pickaxe":1,"minecraft:birch_planks":24,"minecraft:stone_axe":1,"minecraft:shield":1,"minecraft:stick":36,"minecraft:stone_pickaxe":1,"minecraft:stone_sword":1},"minecraft:killed":{"minecraft:pillager":17,"iceandfire:ghost":2,"grimoireofgaia:harpy":1},"minecraft:custom":{"minecraft:interact_with_furnace":1,"spartanshields:shield_bash_hits":3,"minecraft:mob_kills":22,"minecraft:interact_with_crafting_table":9,"minecraft:leave_game":2,"minecraft:time_since_death":657,"minecraft:sleep_in_bed":6,"minecraft:climb_one_cm":54,"minecraft:time_since_rest":597,"minecraft:sprint_one_cm":223811,"minecraft:damage_taken":7896,"minecraft:walk_one_cm":199284,"minecraft:damage_blocked_by_shield":1365,"minecraft:drop":16,"minecraft:damage_dealt":5802,"minecraft:talked_to_villager":1,"minecraft:fly_one_cm":336776,"minecraft:open_chest":33,"minecraft:crouch_one_cm":750,"minecraft:deaths":49,"minecraft:play_time":79721,"minecraft:sneak_time":417,"minecraft:jump":1904,"minecraft:walk_on_water_one_cm":43,"minecraft:total_world_time":79721,"minecraft:fall_one_cm":86495},"minecraft:mined":{"minecraft:red_bed":3,"minecraft:dandelion":1,"minecraft:crafting_table":1,"minecraft:grass_block":9,"minecraft:cobblestone":2,"minecraft:tall_grass":6,"minecraft:composter":1,"minecraft:oak_planks":3,"minecraft:carrots":6,"minecraft:birch_log":7,"minecraft:fire":3,"minecraft:birch_leaves":2,"minecraft:azure_bluet":6,"minecraft:potatoes":13,"minecraft:grass":20,"minecraft:oak_log":21,"minecraft:beetroots":7,"minecraft:dirt":41,"minecraft:stone":30,"minecraft:oak_leaves":29},"minecraft:dropped":{"alexsmobs:maggot":1,"minecraft:crafting_table":1,"minecraft:birch_sapling":1,"minecraft:crossbow":2,"minecraft:leather_helmet":2,"minecraft:emerald":1,"minecraft:shield":1,"illagerinvasion:platinum_chunk":5,"minecraft:leather_boots":1,"minecraft:wooden_sword":1},"minecraft:used":{"minecraft:leather_leggings":3,"minecraft:stone_sword":9,"minecraft:stone_pickaxe":34,"minecraft:oak_planks":62,"minecraft:wooden_pickaxe":13,"minecraft:leather_chestplate":3,"minecraft:shield":25,"minecraft:iron_sword":16,"minecraft:leather_boots":4,"minecraft:dirt":35,"minecraft:crafting_table":3,"minecraft:red_bed":3,"minecraft:carrot":6,"minecraft:golden_chestplate":1,"minecraft:pumpkin_seeds":1,"minecraft:oak_log":1,"minecraft:wooden_axe":14,"minecraft:leather_helmet":8,"minecraft:stone_axe":44,"minecraft:wooden_sword":32,"minecraft:cobblestone":24,"minecraft:white_banner":1,"minecraft:potato":15},"minecraft:picked_up":{"minecraft:wooden_axe":1,"minecraft:birch_log":7,"minecraft:crafting_table":2,"minecraft:leather_chestplate":5,"minecraft:azure_bluet":10,"illagerinvasion:platinum_chunk":15,"minecraft:leather_leggings":6,"minecraft:leather":8,"minecraft:lead":1,"minecraft:wooden_pickaxe":4,"minecraft:potato":40,"minecraft:birch_planks":2,"minecraft:oak_log":51,"minecraft:shield":3,"minecraft:red_bed":3,"minecraft:dirt":151,"minecraft:white_banner":2,"minecraft:wooden_sword":8,"minecraft:leather_boots":6,"minecraft:beetroot":12,"minecraft:apple":10,"minecraft:wheat_seeds":10,"minecraft:gold_nugget":5,"minecraft:stone_pickaxe":5,"minecraft:iron_ingot":24,"minecraft:iron_nugget":19,"minecraft:oak_planks":18,"minecraft:birch_sapling":4,"minecraft:iron_sword":3,"minecraft:stick":139,"minecraft:composter":5,"minecraft:torch":24,"minecraft:fire_charge":2,"minecraft:spruce_log":7,"minecraft:carrot":6,"alexsmobs:animal_dictionary":2,"minecraft:dark_oak_log":2,"minecraft:golden_chestplate":2,"minecraft:leather_helmet":11,"minecraft:stone_sword":3,"iceandfire:silver_ingot":9,"minecraft:pumpkin_seeds":1,"minecraft:arrow":15,"minecraft:diamond":5,"minecraft:beetroot_seeds":18,"minecraft:stone_axe":2,"minecraft:crossbow":2,"minecraft:emerald":14,"alexsmobs:maggot":2,"minecraft:oak_sapling":12,"minecraft:obsidian":4,"minecraft:white_wool":6,"minecraft:cobblestone":76}},"DataVersion":3465}