{"stats":{"minecraft:dropped":{"minecraft:stone_axe":1,"spartanshields:stone_basic_shield":1,"alexsmobs:animal_dictionary":1,"minecraft:granite":4,"minecraft:dirt":6,"minecraft:red_bed":1,"minecraft:stone_pickaxe":1},"minecraft:used":{"minecraft:beetroot":7,"minecraft:stone_sword":2,"minecraft:stone_pickaxe":76,"minecraft:chest":1,"minecraft:wooden_pickaxe":3,"minecraft:stone":13,"minecraft:leather_boots":4,"graveyard:oak_coffin":4,"minecraft:torch":17,"minecraft:glow_berries":11,"minecraft:crafting_table":2,"minecraft:carrot":3,"minecraft:oak_wood":1,"minecraft:oak_log":3,"spartanshields:stone_basic_shield":9,"minecraft:stone_axe":41,"minecraft:cobblestone":7,"minecraft:furnace":1,"minecraft:potato":5,"minecraft:candle":4},"minecraft:mined":{"iceandfire:silver_ore":1,"minecraft:granite":4,"minecraft:oak_wood":1,"minecraft:grass_block":5,"minecraft:chest":1,"minecraft:andesite_slab":1,"minecraft:cobblestone":2,"minecraft:copper_ore":8,"minecraft:tall_grass":1,"minecraft:polished_andesite_slab":2,"graveyard:oak_coffin":4,"minecraft:potatoes":5,"minecraft:coal_ore":21,"minecraft:grass":4,"minecraft:oak_log":6,"minecraft:gravel":5,"minecraft:cobweb":1,"minecraft:stone":40,"minecraft:oak_leaves":1},"minecraft:custom":{"minecraft:interact_with_furnace":4,"minecraft:mob_kills":7,"minecraft:interact_with_crafting_table":13,"minecraft:leave_game":1,"minecraft:time_since_death":4453,"minecraft:sleep_in_bed":3,"minecraft:time_since_rest":3803,"minecraft:damage_taken":2333,"minecraft:sprint_one_cm":109894,"minecraft:walk_one_cm":92890,"minecraft:damage_blocked_by_shield":1125,"minecraft:drop":15,"minecraft:damage_dealt":3058,"minecraft:talked_to_villager":1,"minecraft:fly_one_cm":208100,"minecraft:open_chest":10,"minecraft:crouch_one_cm":2735,"minecraft:deaths":10,"minecraft:play_time":40199,"minecraft:sneak_time":1223,"minecraft:jump":962,"minecraft:walk_on_water_one_cm":26,"minecraft:total_world_time":40199,"minecraft:fall_one_cm":27535},"minecraft:killed_by":{"grimoireofgaia:satyress":3,"grimoireofgaia:minotaurus":7},"minecraft:picked_up":{"minecraft:feather":2,"minecraft:wooden_pickaxe":1,"minecraft:potato":17,"minecraft:oak_log":123,"minecraft:gunpowder":4,"minecraft:dirt":28,"minecraft:string":1,"minecraft:red_bed":1,"minecraft:raw_copper":26,"minecraft:leather_boots":6,"minecraft:bone":37,"minecraft:beetroot":16,"minecraft:wheat_seeds":4,"minecraft:candle":4,"minecraft:stone_pickaxe":10,"minecraft:cobweb":20,"minecraft:iron_nugget":7,"minecraft:polished_andesite_slab":2,"minecraft:chest":1,"minecraft:oak_planks":55,"minecraft:stick":15,"grimoireofgaia:meat":3,"minecraft:stone":9,"minecraft:torch":60,"minecraft:gravel":7,"minecraft:diorite":21,"minecraft:carrot":68,"spartanshields:stone_basic_shield":10,"alexsmobs:animal_dictionary":4,"graveyard:oak_coffin":4,"minecraft:oak_wood":1,"minecraft:stone_sword":8,"minecraft:stone_shovel":2,"minecraft:rotten_flesh":40,"minecraft:stone_axe":14,"minecraft:granite":20,"minecraft:bone_meal":20,"iceandfire:raw_silver":1,"minecraft:glow_berries":1,"minecraft:bone_block":1,"minecraft:coal":24,"minecraft:andesite_slab":1,"minecraft:white_wool":19,"minecraft:cobblestone":131},"minecraft:killed":{"grimoireofgaia:satyress":5,"grimoireofgaia:minotaurus":1,"grimoireofgaia:harpy":1},"minecraft:crafted":{"minecraft:oak_planks":44,"minecraft:crafting_table":2,"minecraft:wooden_pickaxe":1,"minecraft:furnace":1,"iceandfire:armor_copper_metal_leggings":1,"spartanshields:stone_basic_shield":1,"minecraft:copper_ingot":35,"minecraft:stone_axe":1,"minecraft:air":0,"iceandfire:armor_copper_metal_helmet":1,"minecraft:stick":40,"iceandfire:armor_copper_metal_chestplate":1,"minecraft:stone_pickaxe":1,"minecraft:stone_sword":1,"spartanshields:wooden_basic_shield":1,"minecraft:torch":40}},"DataVersion":3465}