{"stats":{"minecraft:killed_by":{"iceandfire:ghost":9,"grimoireofgaia:satyress":1,"minecraft:skeleton":2,"grimoireofgaia:harpy":3,"grimoireofgaia:centaur":1,"grimoireofgaia:spriggan":2,"grimoireofgaia:werecat":2,"minecraft:pillager":3},"minecraft:crafted":{"minecraft:wooden_sword":1,"minecraft:oak_planks":8,"minecraft:crafting_table":1,"minecraft:stick":4},"minecraft:killed":{"iceandfire:ghost":2,"grimoireofgaia:harpy":1},"minecraft:custom":{"minecraft:time_since_rest":510,"minecraft:sprint_one_cm":112848,"minecraft:damage_taken":4233,"minecraft:walk_one_cm":64201,"minecraft:mob_kills":3,"minecraft:drop":3,"minecraft:damage_dealt":1703,"minecraft:interact_with_crafting_table":1,"minecraft:fly_one_cm":202419,"minecraft:open_chest":4,"minecraft:crouch_one_cm":193,"minecraft:play_time":31721,"minecraft:deaths":23,"minecraft:sneak_time":220,"minecraft:jump":1057,"minecraft:leave_game":2,"minecraft:time_since_death":484,"minecraft:total_world_time":31721,"minecraft:fall_one_cm":55289},"minecraft:mined":{"minecraft:birch_log":1,"minecraft:birch_leaves":2,"minecraft:dandelion":1,"minecraft:grass":3,"minecraft:grass_block":6,"minecraft:oak_log":2,"minecraft:dirt":6,"minecraft:oak_leaves":22},"minecraft:dropped":{"alexsmobs:maggot":1,"minecraft:birch_sapling":1,"minecraft:wooden_sword":1},"minecraft:used":{"minecraft:leather_leggings":3,"minecraft:leather_helmet":7,"minecraft:leather_chestplate":3,"minecraft:leather_boots":4,"minecraft:wooden_sword":28,"minecraft:dirt":3,"minecraft:crafting_table":1,"minecraft:golden_chestplate":1},"minecraft:picked_up":{"minecraft:birch_log":1,"minecraft:stick":12,"minecraft:leather_chestplate":4,"minecraft:azure_bluet":1,"minecraft:leather_leggings":5,"minecraft:torch":24,"minecraft:potato":4,"minecraft:fire_charge":1,"minecraft:oak_log":2,"minecraft:golden_chestplate":1,"minecraft:leather_helmet":7,"minecraft:dirt":11,"alexsmobs:animal_dictionary":2,"minecraft:wooden_sword":3,"minecraft:leather_boots":4,"iceandfire:silver_ingot":6,"minecraft:apple":5,"minecraft:diamond":4,"minecraft:iron_ingot":16,"minecraft:iron_nugget":10,"alexsmobs:maggot":1,"minecraft:oak_sapling":2,"minecraft:obsidian":2,"minecraft:birch_sapling":1,"minecraft:white_wool":6}},"DataVersion":3465}