{"stats":{"minecraft:used":{"minecraft:oak_log":3,"spartanshields:stone_basic_shield":2,"minecraft:stone_pickaxe":10,"minecraft:wooden_pickaxe":3,"minecraft:stone":13,"minecraft:stone_axe":9,"minecraft:crafting_table":2},"minecraft:mined":{"minecraft:grass":1,"minecraft:oak_log":6,"minecraft:tall_grass":1,"minecraft:stone":13},"minecraft:custom":{"minecraft:time_since_rest":1770,"minecraft:sprint_one_cm":35905,"minecraft:damage_taken":308,"minecraft:walk_one_cm":33849,"minecraft:damage_blocked_by_shield":210,"minecraft:mob_kills":2,"minecraft:damage_dealt":802,"minecraft:interact_with_crafting_table":11,"minecraft:fly_one_cm":70407,"minecraft:open_chest":3,"minecraft:crouch_one_cm":82,"minecraft:play_time":16199,"minecraft:deaths":1,"minecraft:sneak_time":20,"minecraft:jump":299,"minecraft:leave_game":1,"minecraft:time_since_death":1745,"minecraft:sleep_in_bed":1,"minecraft:total_world_time":16199,"minecraft:fall_one_cm":9312},"minecraft:killed_by":{"grimoireofgaia:satyress":1},"minecraft:picked_up":{"minecraft:stone":9,"minecraft:wooden_pickaxe":1,"minecraft:oak_log":24,"spartanshields:stone_basic_shield":1,"alexsmobs:animal_dictionary":1,"minecraft:stone_sword":1,"minecraft:bone":8,"minecraft:rotten_flesh":7,"minecraft:beetroot":16,"minecraft:stone_axe":1,"minecraft:stone_pickaxe":1,"minecraft:bone_meal":5,"minecraft:cobweb":5,"minecraft:iron_nugget":1,"minecraft:oak_planks":9,"minecraft:cobblestone":14},"minecraft:killed":{"grimoireofgaia:satyress":2},"minecraft:crafted":{"minecraft:oak_planks":28,"minecraft:crafting_table":2,"minecraft:stick":8,"minecraft:wooden_pickaxe":1,"minecraft:stone_pickaxe":1,"minecraft:stone_sword":1,"spartanshields:wooden_basic_shield":1,"spartanshields:stone_basic_shield":1,"minecraft:stone_axe":1}},"DataVersion":3465}