{"stats":{"minecraft:killed_by":{"grimoireofgaia:satyress":2,"grimoireofgaia:centaur":1,"minecraft:spider":1,"minecraft:pillager":22,"grimoireofgaia:werecat":2,"grimoireofgaia:minotaur":14,"grimoireofgaia:bone_knight":1,"grimoireofgaia:dullahan":1,"minecraft:skeleton":3,"grimoireofgaia:harpy":4,"grimoireofgaia:spriggan":4,"grimoireofgaia:banshee":1,"iceandfire:ghost":9,"grimoireofgaia:mimic":1},"minecraft:crafted":{"minecraft:wooden_sword":1,"minecraft:oak_planks":80,"minecraft:furnace":2,"minecraft:iron_axe":1,"minecraft:stone_pickaxe":1,"minecraft:crafting_table":2,"minecraft:spruce_planks":28,"minecraft:wooden_pickaxe":1,"minecraft:iron_sword":1,"spartanshields:stone_basic_shield":1,"minecraft:birch_planks":24,"minecraft:stone_axe":2,"minecraft:air":0,"minecraft:shield":1,"minecraft:stick":56,"minecraft:iron_ingot":8,"minecraft:iron_pickaxe":1,"minecraft:wooden_axe":1,"minecraft:stone_sword":1,"spartanshields:wooden_basic_shield":1,"minecraft:torch":176},"minecraft:broken":{"spartanshields:stone_basic_shield":1,"minecraft:stone_axe":1},"minecraft:killed":{"minecraft:spider":4,"grimoireofgaia:minotaur":1,"grimoireofgaia:spriggan":1,"grimoireofgaia:dullahan":1,"iceandfire:troll":1,"minecraft:creeper":1,"minecraft:pillager":18,"minecraft:zombie":1,"iceandfire:ghost":2,"grimoireofgaia:harpy":1,"grimoireofgaia:werecat":1},"minecraft:custom":{"minecraft:mob_kills":34,"minecraft:interact_with_crafting_table":18,"minecraft:interact_with_campfire":12,"minecraft:damage_dealt_resisted":96,"minecraft:leave_game":4,"minecraft:time_since_death":4187,"minecraft:climb_one_cm":54,"minecraft:sprint_one_cm":401706,"minecraft:walk_one_cm":389754,"minecraft:damage_blocked_by_shield":5055,"minecraft:drop":67,"minecraft:talked_to_villager":1,"minecraft:play_time":155596,"minecraft:deaths":73,"minecraft:sneak_time":3858,"minecraft:jump":3316,"minecraft:walk_on_water_one_cm":3074,"minecraft:total_world_time":155596,"minecraft:interact_with_furnace":8,"spartanshields:shield_bash_hits":8,"minecraft:sleep_in_bed":9,"minecraft:time_since_rest":4211,"minecraft:damage_taken":14607,"minecraft:damage_dealt":12668,"minecraft:fly_one_cm":509235,"minecraft:open_chest":69,"minecraft:crouch_one_cm":7050,"minecraft:fall_one_cm":121424},"minecraft:mined":{"minecraft:spruce_planks":1,"iceandfire:silver_ore":1,"minecraft:grass_block":12,"minecraft:composter":1,"minecraft:carrots":6,"minecraft:iron_ore":45,"minecraft:fire":3,"minecraft:azure_bluet":6,"minecraft:potatoes":13,"minecraft:stone":169,"minecraft:red_bed":3,"minecraft:dandelion":1,"minecraft:crafting_table":1,"minecraft:emerald_ore":2,"minecraft:chest":1,"minecraft:tall_grass":7,"minecraft:cobblestone":9,"minecraft:oak_planks":9,"minecraft:birch_log":7,"minecraft:birch_leaves":2,"minecraft:grass":25,"minecraft:oak_log":23,"minecraft:coal_ore":107,"minecraft:beetroots":7,"minecraft:dirt":52,"minecraft:oak_leaves":29},"minecraft:dropped":{"iceandfire:raw_silver":2,"minecraft:bread":1,"grimoireofgaia:diamond_shard":2,"minecraft:iron_sword":1,"minecraft:oak_log":1,"minecraft:crafting_table":1,"minecraft:crossbow":2,"iceandfire:armor_copper_metal_chestplate":1,"minecraft:cobblestone":3,"minecraft:leather_helmet":2,"minecraft:stick":2,"minecraft:emerald":1,"minecraft:dirt":7,"illagerinvasion:platinum_chunk":5,"minecraft:diorite":5,"minecraft:torch":7,"minecraft:wooden_axe":1,"iceandfire:armor_copper_metal_boots":1,"minecraft:gold_nugget":1,"minecraft:wooden_sword":1,"minecraft:iron_pickaxe":1,"minecraft:dandelion":1,"minecraft:gravel":1,"minecraft:stone_axe":1,"alexsmobs:maggot":1,"spartanshields:stone_basic_shield":1,"minecraft:stone_sword":1,"minecraft:birch_sapling":1,"minecraft:rotten_flesh":2,"minecraft:oak_planks":3,"iceandfire:armor_copper_metal_helmet":1,"minecraft:shield":1,"minecraft:leather_boots":1,"minecraft:spider_eye":2,"minecraft:stone_pickaxe":1,"iceandfire:armor_copper_metal_leggings":1},"minecraft:used":{"minecraft:stone_sword":17,"minecraft:spruce_planks":4,"minecraft:shield":50,"minecraft:iron_sword":27,"minecraft:torch":146,"minecraft:dirt":42,"minecraft:carrot":6,"minecraft:golden_chestplate":1,"minecraft:wooden_axe":33,"minecraft:iron_axe":46,"minecraft:furnace":2,"minecraft:potato":15,"minecraft:pointed_dripstone":5,"minecraft:leather_leggings":3,"minecraft:stone_pickaxe":102,"minecraft:baked_potato":3,"minecraft:oak_planks":63,"minecraft:wooden_pickaxe":13,"minecraft:leather_chestplate":3,"minecraft:leather_boots":4,"minecraft:crafting_table":3,"minecraft:red_bed":3,"minecraft:dripstone_block":4,"minecraft:pumpkin_seeds":1,"minecraft:oak_log":2,"minecraft:bread":1,"spartanshields:stone_basic_shield":20,"minecraft:iron_pickaxe":233,"minecraft:leather_helmet":8,"minecraft:stone_axe":77,"minecraft:wooden_sword":32,"minecraft:cobblestone":50,"minecraft:white_banner":1},"minecraft:picked_up":{"minecraft:wooden_axe":7,"minecraft:crafting_table":2,"minecraft:azure_bluet":10,"grimoireofgaia:soulfire":12,"illagerinvasion:platinum_chunk":15,"minecraft:leather_leggings":6,"minecraft:lead":1,"iceandfire:armor_copper_metal_chestplate":1,"minecraft:wooden_pickaxe":4,"minecraft:shield":10,"minecraft:string":10,"minecraft:red_bed":3,"minecraft:iron_axe":7,"minecraft:wooden_sword":8,"minecraft:beetroot":12,"minecraft:gold_nugget":10,"minecraft:spruce_planks":101,"minecraft:iron_nugget":32,"minecraft:iron_pickaxe":8,"minecraft:chest":1,"minecraft:birch_sapling":4,"minecraft:stick":202,"minecraft:raw_iron":262,"grimoireofgaia:diamond_shard":3,"grimoireofgaia:meat":7,"iceandfire:troll_tusk":10,"minecraft:composter":5,"iceandfire:armor_copper_metal_leggings":1,"minecraft:torch":380,"minecraft:fire_charge":2,"minecraft:pointed_dripstone":6,"minecraft:diorite":25,"iceandfire:armor_copper_metal_boots":1,"minecraft:carrot":6,"spartanshields:stone_basic_shield":4,"minecraft:golden_chestplate":2,"minecraft:stone_sword":12,"iceandfire:silver_ingot":9,"minecraft:arrow":15,"minecraft:rotten_flesh":14,"minecraft:beetroot_seeds":18,"minecraft:obsidian":4,"minecraft:white_wool":6,"minecraft:cobblestone":829,"minecraft:birch_log":7,"minecraft:leather_chestplate":5,"minecraft:leather":8,"minecraft:potato":40,"minecraft:birch_planks":2,"minecraft:oak_log":58,"iceandfire:armor_copper_metal_helmet":1,"minecraft:dirt":194,"minecraft:white_banner":2,"minecraft:leather_boots":6,"minecraft:apple":10,"minecraft:wheat_seeds":10,"minecraft:stone_pickaxe":21,"grimoireofgaia:golden_apple_pie_slice":1,"minecraft:iron_ingot":24,"minecraft:iron_sword":10,"minecraft:oak_planks":37,"minecraft:gravel":2,"minecraft:dandelion":5,"minecraft:dripstone_block":4,"grimoireofgaia:emerald_shard":1,"minecraft:spruce_log":7,"alexsmobs:animal_dictionary":2,"minecraft:dark_oak_log":2,"minecraft:spider_eye":10,"minecraft:leather_helmet":11,"minecraft:pumpkin_seeds":1,"minecraft:diamond":5,"minecraft:stone_axe":13,"minecraft:crossbow":2,"minecraft:emerald":31,"minecraft:bread":10,"minecraft:chainmail_helmet":1,"iceandfire:troll_leather_forest":6,"alexsmobs:maggot":2,"minecraft:baked_potato":114,"minecraft:oak_sapling":12,"minecraft:coal":433,"iceandfire:raw_silver":5}},"DataVersion":3465}