{"stats":{"minecraft:dropped":{"minecraft:stone_axe":1,"spartanshields:stone_basic_shield":1,"alexsmobs:animal_dictionary":1,"minecraft:granite":4,"minecraft:dirt":6,"minecraft:red_bed":1,"minecraft:stone_pickaxe":1},"minecraft:used":{"minecraft:beetroot":7,"minecraft:stone_sword":2,"iceandfire:armor_copper_metal_leggings":2,"minecraft:stone_pickaxe":117,"minecraft:chest":1,"minecraft:wooden_pickaxe":3,"minecraft:stone":13,"minecraft:leather_boots":5,"graveyard:oak_coffin":4,"minecraft:mossy_cobblestone":1,"minecraft:torch":64,"minecraft:glow_berries":11,"minecraft:crafting_table":2,"minecraft:red_bed":1,"minecraft:carrot":3,"minecraft:oak_wood":1,"minecraft:oak_log":3,"iceandfire:armor_copper_metal_chestplate":2,"spartanshields:stone_basic_shield":10,"minecraft:stone_axe":46,"minecraft:cobblestone":9,"minecraft:furnace":1,"grimoireofgaia:meat":1,"minecraft:potato":5,"minecraft:candle":4},"minecraft:mined":{"iceandfire:silver_ore":6,"minecraft:mossy_cobblestone":1,"minecraft:red_bed":1,"minecraft:crafting_table":1,"minecraft:granite":4,"minecraft:oak_wood":1,"minecraft:grass_block":5,"minecraft:chest":1,"minecraft:andesite_slab":1,"minecraft:spruce_leaves":1,"minecraft:cobblestone":2,"minecraft:copper_ore":8,"minecraft:tall_grass":1,"minecraft:polished_andesite_slab":2,"minecraft:diorite":1,"graveyard:oak_coffin":4,"minecraft:iron_ore":2,"minecraft:potatoes":5,"minecraft:coal_ore":29,"minecraft:grass":4,"minecraft:oak_log":6,"minecraft:vine":14,"minecraft:gravel":5,"minecraft:cobweb":1,"minecraft:stone":64,"minecraft:oak_leaves":1},"minecraft:custom":{"minecraft:interact_with_furnace":14,"minecraft:mob_kills":9,"minecraft:interact_with_crafting_table":13,"minecraft:leave_game":2,"minecraft:time_since_death":5307,"minecraft:sleep_in_bed":5,"minecraft:climb_one_cm":3950,"minecraft:time_since_rest":5330,"minecraft:damage_taken":2529,"minecraft:sprint_one_cm":173315,"minecraft:walk_one_cm":152405,"minecraft:damage_blocked_by_shield":1185,"minecraft:drop":15,"minecraft:damage_dealt":3308,"minecraft:talked_to_villager":1,"minecraft:fly_one_cm":248661,"minecraft:open_chest":16,"minecraft:crouch_one_cm":3603,"minecraft:deaths":13,"minecraft:play_time":57872,"minecraft:sneak_time":1439,"minecraft:walk_under_water_one_cm":421,"minecraft:jump":1279,"minecraft:walk_on_water_one_cm":621,"minecraft:total_world_time":57872,"minecraft:fall_one_cm":33416},"minecraft:killed_by":{"grimoireofgaia:satyress":3,"grimoireofgaia:minotaurus":7,"minecraft:skeleton":3},"minecraft:picked_up":{"minecraft:crafting_table":4,"minecraft:feather":2,"iceandfire:armor_copper_metal_chestplate":3,"minecraft:wooden_pickaxe":1,"minecraft:potato":17,"minecraft:oak_log":123,"iceandfire:armor_copper_metal_helmet":2,"minecraft:gunpowder":4,"minecraft:dirt":28,"minecraft:string":1,"minecraft:red_bed":2,"minecraft:raw_copper":26,"minecraft:leather_boots":9,"minecraft:bone":37,"minecraft:beetroot":25,"minecraft:tnt_minecart":1,"minecraft:wheat_seeds":4,"minecraft:candle":4,"minecraft:stone_pickaxe":13,"arthropocolypse:beetle_fragment":4,"minecraft:cobweb":20,"minecraft:iron_nugget":7,"minecraft:polished_andesite_slab":2,"minecraft:chest":1,"minecraft:oak_planks":55,"minecraft:raw_iron":2,"minecraft:stick":36,"grimoireofgaia:meat":3,"minecraft:stone":9,"iceandfire:armor_copper_metal_leggings":3,"minecraft:torch":96,"minecraft:gravel":7,"minecraft:diorite":22,"minecraft:carrot":68,"minecraft:mossy_cobblestone":1,"spartanshields:stone_basic_shield":13,"alexsmobs:animal_dictionary":4,"graveyard:oak_coffin":4,"minecraft:oak_wood":1,"minecraft:stone_sword":8,"minecraft:stone_shovel":2,"minecraft:rotten_flesh":40,"minecraft:stone_axe":19,"minecraft:granite":20,"minecraft:bone_meal":20,"iceandfire:raw_silver":24,"minecraft:glow_berries":1,"minecraft:bone_block":1,"minecraft:coal":32,"minecraft:andesite_slab":1,"minecraft:white_wool":19,"minecraft:cobblestone":179},"minecraft:killed":{"grimoireofgaia:satyress":5,"grimoireofgaia:minotaurus":1,"minecraft:skeleton":1,"arthropocolypse:field_cricket":1,"grimoireofgaia:harpy":1},"minecraft:crafted":{"minecraft:oak_planks":44,"minecraft:crafting_table":2,"minecraft:wooden_pickaxe":1,"minecraft:furnace":1,"iceandfire:armor_copper_metal_leggings":1,"spartanshields:stone_basic_shield":1,"minecraft:copper_ingot":35,"minecraft:stone_axe":1,"minecraft:air":0,"iceandfire:armor_copper_metal_helmet":1,"minecraft:stick":40,"minecraft:iron_ingot":2,"iceandfire:armor_copper_metal_chestplate":1,"minecraft:stone_pickaxe":1,"minecraft:stone_sword":1,"spartanshields:wooden_basic_shield":1,"minecraft:torch":64}},"DataVersion":3465}