{"stats":{"minecraft:killed_by":{"grimoireofgaia:satyress":2,"minecraft:skeleton":2,"grimoireofgaia:harpy":3,"grimoireofgaia:centaur":1,"grimoireofgaia:spriggan":2,"minecraft:pillager":14,"iceandfire:ghost":9,"grimoireofgaia:werecat":2},"minecraft:crafted":{"minecraft:wooden_sword":1,"minecraft:oak_planks":8,"minecraft:crafting_table":1,"minecraft:stick":4},"minecraft:killed":{"minecraft:pillager":10,"iceandfire:ghost":2,"grimoireofgaia:harpy":1},"minecraft:custom":{"minecraft:mob_kills":14,"minecraft:interact_with_crafting_table":1,"minecraft:leave_game":2,"minecraft:time_since_death":218,"minecraft:sleep_in_bed":2,"minecraft:climb_one_cm":54,"minecraft:time_since_rest":243,"minecraft:sprint_one_cm":181965,"minecraft:damage_taken":6418,"minecraft:walk_one_cm":127235,"minecraft:damage_blocked_by_shield":600,"minecraft:drop":16,"minecraft:damage_dealt":4102,"minecraft:talked_to_villager":1,"minecraft:fly_one_cm":269444,"minecraft:open_chest":15,"minecraft:crouch_one_cm":193,"minecraft:deaths":39,"minecraft:play_time":55721,"minecraft:sneak_time":230,"minecraft:jump":1419,"minecraft:walk_on_water_one_cm":13,"minecraft:total_world_time":55721,"minecraft:fall_one_cm":69791},"minecraft:mined":{"minecraft:dandelion":1,"minecraft:grass_block":7,"minecraft:tall_grass":5,"minecraft:oak_planks":1,"minecraft:birch_log":1,"minecraft:fire":3,"minecraft:birch_leaves":2,"minecraft:grass":9,"minecraft:oak_log":3,"minecraft:dirt":14,"minecraft:oak_leaves":22},"minecraft:dropped":{"alexsmobs:maggot":1,"minecraft:crafting_table":1,"minecraft:birch_sapling":1,"minecraft:crossbow":2,"minecraft:leather_helmet":2,"minecraft:emerald":1,"minecraft:shield":1,"illagerinvasion:platinum_chunk":5,"minecraft:leather_boots":1,"minecraft:wooden_sword":1},"minecraft:used":{"minecraft:leather_leggings":3,"minecraft:leather_chestplate":3,"minecraft:shield":10,"minecraft:iron_sword":16,"minecraft:leather_boots":4,"minecraft:dirt":7,"minecraft:crafting_table":1,"minecraft:golden_chestplate":1,"minecraft:pumpkin_seeds":1,"minecraft:oak_log":1,"minecraft:wooden_axe":14,"minecraft:leather_helmet":8,"minecraft:wooden_sword":32,"minecraft:white_banner":1},"minecraft:picked_up":{"minecraft:wooden_axe":1,"minecraft:birch_log":1,"minecraft:crafting_table":1,"minecraft:leather_chestplate":5,"minecraft:azure_bluet":2,"illagerinvasion:platinum_chunk":8,"minecraft:leather_leggings":6,"minecraft:lead":1,"minecraft:potato":9,"minecraft:oak_log":3,"minecraft:shield":1,"minecraft:dirt":21,"minecraft:white_banner":2,"minecraft:wooden_sword":8,"minecraft:leather_boots":6,"minecraft:apple":10,"minecraft:wheat_seeds":2,"minecraft:iron_ingot":23,"minecraft:iron_nugget":19,"minecraft:oak_planks":4,"minecraft:birch_sapling":1,"minecraft:iron_sword":3,"minecraft:stick":24,"minecraft:torch":24,"minecraft:fire_charge":2,"alexsmobs:animal_dictionary":2,"minecraft:dark_oak_log":2,"minecraft:golden_chestplate":2,"minecraft:leather_helmet":11,"iceandfire:silver_ingot":9,"minecraft:pumpkin_seeds":1,"minecraft:arrow":15,"minecraft:diamond":5,"minecraft:crossbow":2,"minecraft:emerald":8,"alexsmobs:maggot":2,"minecraft:oak_sapling":4,"minecraft:obsidian":4,"minecraft:white_wool":6}},"DataVersion":3465}