{"stats":{"minecraft:dropped":{"minecraft:granite":4,"minecraft:dirt":6,"minecraft:red_bed":1,"minecraft:stone_axe":1,"spartanshields:stone_basic_shield":1,"alexsmobs:animal_dictionary":1,"minecraft:stone_pickaxe":1},"minecraft:used":{"minecraft:beetroot":16,"minecraft:stone_sword":10,"iceandfire:armor_copper_metal_leggings":3,"minecraft:chest":1,"minecraft:stone":13,"minecraft:rotten_flesh":1,"graveyard:oak_coffin":4,"minecraft:torch":106,"minecraft:carrot":3,"minecraft:oak_wood":1,"minecraft:granite":2,"minecraft:furnace":1,"iceandfire:armor_copper_metal_helmet":1,"grimoireofgaia:meat":1,"minecraft:potato":5,"minecraft:stone_pickaxe":206,"minecraft:wooden_pickaxe":3,"minecraft:leather_boots":5,"minecraft:glow_berries":11,"minecraft:mossy_cobblestone":2,"minecraft:crafting_table":3,"minecraft:red_bed":1,"minecraft:oak_log":3,"iceandfire:armor_copper_metal_chestplate":4,"spartanshields:stone_basic_shield":24,"minecraft:stone_axe":82,"minecraft:cobblestone":14,"minecraft:andesite":2,"minecraft:candle":4},"minecraft:mined":{"iceandfire:silver_ore":10,"minecraft:mossy_cobblestone":2,"minecraft:granite":4,"minecraft:grass_block":5,"minecraft:polished_andesite_slab":2,"minecraft:spruce_leaves":1,"minecraft:iron_ore":20,"minecraft:andesite":1,"minecraft:vine":33,"minecraft:potatoes":5,"minecraft:pointed_dripstone":1,"minecraft:stone":100,"minecraft:red_bed":2,"minecraft:crafting_table":1,"minecraft:oak_wood":1,"minecraft:chest":1,"minecraft:andesite_slab":1,"minecraft:tall_grass":2,"minecraft:copper_ore":8,"minecraft:cobblestone":10,"minecraft:oak_planks":2,"minecraft:diorite":1,"graveyard:oak_coffin":4,"minecraft:grass":4,"minecraft:coal_ore":42,"minecraft:oak_log":7,"minecraft:gravel":15,"minecraft:dripstone_block":1,"minecraft:cobweb":1,"minecraft:oak_leaves":1},"minecraft:broken":{"minecraft:stone_pickaxe":1,"spartanshields:stone_basic_shield":1},"minecraft:custom":{"minecraft:mob_kills":19,"minecraft:interact_with_crafting_table":15,"minecraft:leave_game":2,"minecraft:time_since_death":1070,"minecraft:climb_one_cm":9101,"minecraft:sprint_one_cm":291968,"minecraft:walk_one_cm":235969,"minecraft:damage_blocked_by_shield":2575,"minecraft:drop":15,"minecraft:talked_to_villager":1,"minecraft:play_time":93044,"minecraft:deaths":20,"minecraft:sneak_time":3100,"minecraft:walk_under_water_one_cm":421,"minecraft:jump":2092,"minecraft:walk_on_water_one_cm":1019,"minecraft:total_world_time":93044,"minecraft:interact_with_furnace":14,"minecraft:sleep_in_bed":8,"minecraft:time_since_rest":1093,"minecraft:damage_taken":4464,"minecraft:damage_dealt":6139,"minecraft:player_kills":1,"minecraft:fly_one_cm":361245,"minecraft:open_chest":17,"minecraft:crouch_one_cm":6526,"minecraft:fall_one_cm":49772},"minecraft:killed_by":{"minecraft:player":4,"grimoireofgaia:satyress":3,"grimoireofgaia:deathword":1,"grimoireofgaia:minotaurus":8,"minecraft:skeleton":3,"grimoireofgaia:harpy":1},"minecraft:picked_up":{"minecraft:crafting_table":4,"minecraft:ladder":6,"minecraft:wooden_pickaxe":1,"iceandfire:armor_copper_metal_chestplate":7,"minecraft:string":97,"minecraft:red_bed":4,"minecraft:raw_copper":48,"minecraft:beetroot":25,"minecraft:tnt_minecart":6,"minecraft:candle":4,"minecraft:bucket":1,"arthropocolypse:beetle_fragment":7,"minecraft:iron_nugget":18,"minecraft:iron_pickaxe":1,"minecraft:chest":4,"minecraft:raw_iron":59,"minecraft:stick":106,"grimoireofgaia:meat":3,"minecraft:stone":9,"iceandfire:armor_copper_metal_leggings":7,"minecraft:copper_ingot":2,"minecraft:torch":101,"minecraft:spruce_fence":3,"minecraft:pointed_dripstone":2,"minecraft:diorite":22,"iceandfire:armor_copper_metal_boots":1,"minecraft:carrot":68,"spartanshields:stone_basic_shield":18,"minecraft:stone_sword":14,"iceandfire:silver_ingot":2,"minecraft:arrow":2,"minecraft:stone_shovel":2,"minecraft:rotten_flesh":56,"minecraft:glow_berries":1,"minecraft:white_wool":19,"minecraft:bone_block":1,"minecraft:rail":3,"minecraft:cobblestone":285,"minecraft:feather":18,"minecraft:andesite":9,"minecraft:potato":17,"minecraft:flint":1,"minecraft:oak_log":128,"iceandfire:armor_copper_metal_helmet":5,"minecraft:gunpowder":4,"minecraft:dirt":28,"minecraft:paper":2,"minecraft:leather_boots":12,"minecraft:bone":45,"minecraft:wheat_seeds":4,"minecraft:stone_pickaxe":24,"minecraft:cobweb":20,"spartanshields:wooden_basic_shield":1,"minecraft:polished_andesite_slab":2,"minecraft:oak_planks":61,"minecraft:stone_hoe":1,"minecraft:dripstone_block":2,"minecraft:gravel":16,"minecraft:spruce_sapling":3,"minecraft:spruce_door":1,"alexsmobs:animal_dictionary":4,"minecraft:spider_eye":3,"minecraft:mossy_cobblestone":2,"graveyard:oak_coffin":4,"minecraft:oak_wood":1,"minecraft:stone_axe":26,"minecraft:granite":45,"minecraft:bone_meal":20,"minecraft:baked_potato":4,"minecraft:coal":98,"minecraft:andesite_slab":1,"iceandfire:raw_silver":66},"minecraft:killed":{"grimoireofgaia:satyress":5,"minecraft:spider":2,"grimoireofgaia:minotaurus":1,"minecraft:skeleton":2,"grimoireofgaia:mimic":1,"arthropocolypse:field_cricket":1,"minecraft:zombie":3,"grimoireofgaia:deathword":1,"grimoireofgaia:harpy":3},"minecraft:crafted":{"minecraft:oak_planks":44,"minecraft:furnace":1,"iceandfire:armor_copper_metal_leggings":1,"iceandfire:armor_copper_metal_helmet":1,"minecraft:stone_pickaxe":2,"iceandfire:armor_copper_metal_chestplate":1,"minecraft:crafting_table":2,"minecraft:wooden_pickaxe":1,"spartanshields:stone_basic_shield":1,"minecraft:copper_ingot":35,"minecraft:stone_axe":1,"minecraft:air":0,"minecraft:stick":40,"minecraft:iron_ingot":2,"minecraft:stone_sword":1,"spartanshields:wooden_basic_shield":1,"minecraft:torch":108}},"DataVersion":3465}