{"stats":{"minecraft:killed_by":{"iceandfire:ghost":9,"grimoireofgaia:satyress":1,"minecraft:skeleton":2,"grimoireofgaia:harpy":3,"grimoireofgaia:centaur":1,"grimoireofgaia:spriggan":2,"grimoireofgaia:werecat":2,"minecraft:pillager":5},"minecraft:crafted":{"minecraft:wooden_sword":1,"minecraft:oak_planks":8,"minecraft:crafting_table":1,"minecraft:stick":4},"minecraft:killed":{"iceandfire:ghost":2,"grimoireofgaia:harpy":1},"minecraft:custom":{"minecraft:time_since_rest":32,"minecraft:sprint_one_cm":130473,"minecraft:damage_taken":4413,"minecraft:walk_one_cm":85283,"minecraft:mob_kills":3,"minecraft:drop":3,"minecraft:damage_dealt":1883,"minecraft:interact_with_crafting_table":1,"minecraft:fly_one_cm":222402,"minecraft:open_chest":10,"minecraft:crouch_one_cm":193,"minecraft:play_time":43721,"minecraft:deaths":25,"minecraft:sneak_time":220,"minecraft:jump":1150,"minecraft:leave_game":2,"minecraft:walk_on_water_one_cm":13,"minecraft:time_since_death":10,"minecraft:sleep_in_bed":1,"minecraft:total_world_time":43721,"minecraft:fall_one_cm":57892},"minecraft:mined":{"minecraft:birch_log":1,"minecraft:birch_leaves":2,"minecraft:dandelion":1,"minecraft:grass":3,"minecraft:grass_block":6,"minecraft:oak_log":2,"minecraft:dirt":12,"minecraft:tall_grass":1,"minecraft:oak_planks":1,"minecraft:oak_leaves":22},"minecraft:dropped":{"alexsmobs:maggot":1,"minecraft:birch_sapling":1,"minecraft:wooden_sword":1},"minecraft:used":{"minecraft:leather_leggings":3,"minecraft:leather_helmet":7,"minecraft:leather_chestplate":3,"minecraft:leather_boots":4,"minecraft:wooden_sword":32,"minecraft:dirt":3,"minecraft:crafting_table":1,"minecraft:golden_chestplate":1,"minecraft:pumpkin_seeds":1},"minecraft:picked_up":{"minecraft:birch_log":1,"minecraft:stick":18,"minecraft:leather_chestplate":5,"minecraft:azure_bluet":2,"minecraft:leather_leggings":6,"minecraft:torch":24,"minecraft:potato":8,"minecraft:fire_charge":2,"minecraft:oak_log":2,"minecraft:golden_chestplate":2,"minecraft:leather_helmet":9,"minecraft:dirt":17,"alexsmobs:animal_dictionary":2,"minecraft:wooden_sword":5,"minecraft:pumpkin_seeds":1,"minecraft:leather_boots":5,"iceandfire:silver_ingot":9,"minecraft:arrow":5,"minecraft:apple":10,"minecraft:diamond":5,"minecraft:iron_ingot":22,"minecraft:iron_nugget":19,"alexsmobs:maggot":1,"minecraft:oak_sapling":4,"minecraft:obsidian":4,"minecraft:birch_sapling":1,"minecraft:oak_planks":1,"minecraft:white_wool":6}},"DataVersion":3465}