{"stats":{"minecraft:killed_by":{"grimoireofgaia:satyress":2,"minecraft:skeleton":2,"grimoireofgaia:harpy":3,"grimoireofgaia:centaur":1,"grimoireofgaia:spriggan":2,"minecraft:pillager":20,"iceandfire:ghost":9,"grimoireofgaia:werecat":2},"minecraft:crafted":{"minecraft:wooden_sword":1,"minecraft:oak_planks":20,"minecraft:crafting_table":2,"minecraft:wooden_pickaxe":1,"minecraft:birch_planks":24,"minecraft:stone_axe":1,"minecraft:shield":1,"minecraft:stick":36,"minecraft:stone_pickaxe":1,"minecraft:stone_sword":1},"minecraft:killed":{"minecraft:pillager":13,"iceandfire:ghost":2,"grimoireofgaia:harpy":1},"minecraft:custom":{"minecraft:mob_kills":18,"minecraft:interact_with_crafting_table":8,"minecraft:leave_game":2,"minecraft:time_since_death":1022,"minecraft:sleep_in_bed":4,"minecraft:climb_one_cm":54,"minecraft:time_since_rest":1050,"minecraft:sprint_one_cm":198818,"minecraft:damage_taken":7396,"minecraft:walk_one_cm":155900,"minecraft:damage_blocked_by_shield":825,"minecraft:drop":16,"minecraft:damage_dealt":4901,"minecraft:talked_to_villager":1,"minecraft:fly_one_cm":301734,"minecraft:open_chest":20,"minecraft:crouch_one_cm":260,"minecraft:deaths":46,"minecraft:play_time":67721,"minecraft:sneak_time":323,"minecraft:jump":1674,"minecraft:walk_on_water_one_cm":13,"minecraft:total_world_time":67721,"minecraft:fall_one_cm":75701},"minecraft:mined":{"minecraft:red_bed":3,"minecraft:dandelion":1,"minecraft:crafting_table":1,"minecraft:grass_block":9,"minecraft:tall_grass":5,"minecraft:composter":1,"minecraft:oak_planks":1,"minecraft:birch_log":7,"minecraft:fire":3,"minecraft:birch_leaves":2,"minecraft:azure_bluet":1,"minecraft:grass":11,"minecraft:oak_log":21,"minecraft:dirt":41,"minecraft:stone":30,"minecraft:oak_leaves":29},"minecraft:dropped":{"alexsmobs:maggot":1,"minecraft:crafting_table":1,"minecraft:birch_sapling":1,"minecraft:crossbow":2,"minecraft:leather_helmet":2,"minecraft:emerald":1,"minecraft:shield":1,"illagerinvasion:platinum_chunk":5,"minecraft:leather_boots":1,"minecraft:wooden_sword":1},"minecraft:used":{"minecraft:leather_leggings":3,"minecraft:stone_sword":9,"minecraft:stone_pickaxe":32,"minecraft:wooden_pickaxe":13,"minecraft:leather_chestplate":3,"minecraft:shield":16,"minecraft:iron_sword":16,"minecraft:leather_boots":4,"minecraft:dirt":11,"minecraft:crafting_table":3,"minecraft:red_bed":3,"minecraft:golden_chestplate":1,"minecraft:pumpkin_seeds":1,"minecraft:oak_log":1,"minecraft:wooden_axe":14,"minecraft:leather_helmet":8,"minecraft:stone_axe":31,"minecraft:wooden_sword":32,"minecraft:white_banner":1},"minecraft:picked_up":{"minecraft:wooden_axe":1,"minecraft:birch_log":7,"minecraft:crafting_table":2,"minecraft:leather_chestplate":5,"minecraft:azure_bluet":5,"illagerinvasion:platinum_chunk":14,"minecraft:leather_leggings":6,"minecraft:leather":6,"minecraft:lead":1,"minecraft:wooden_pickaxe":4,"minecraft:potato":9,"minecraft:birch_planks":2,"minecraft:oak_log":51,"minecraft:shield":3,"minecraft:red_bed":3,"minecraft:dirt":121,"minecraft:white_banner":2,"minecraft:wooden_sword":8,"minecraft:leather_boots":6,"minecraft:apple":10,"minecraft:wheat_seeds":8,"minecraft:gold_nugget":5,"minecraft:stone_pickaxe":5,"minecraft:iron_ingot":24,"minecraft:iron_nugget":19,"minecraft:oak_planks":12,"minecraft:birch_sapling":4,"minecraft:iron_sword":3,"minecraft:stick":139,"minecraft:composter":5,"minecraft:torch":24,"minecraft:fire_charge":2,"alexsmobs:animal_dictionary":2,"minecraft:dark_oak_log":2,"minecraft:golden_chestplate":2,"minecraft:leather_helmet":11,"minecraft:stone_sword":3,"iceandfire:silver_ingot":9,"minecraft:pumpkin_seeds":1,"minecraft:arrow":15,"minecraft:diamond":5,"minecraft:stone_axe":2,"minecraft:crossbow":2,"minecraft:emerald":13,"alexsmobs:maggot":2,"minecraft:oak_sapling":12,"minecraft:obsidian":4,"minecraft:white_wool":6,"minecraft:cobblestone":74}},"DataVersion":3465}