{"stats":{"minecraft:dropped":{"minecraft:red_bed":1},"minecraft:used":{"minecraft:beetroot":4,"minecraft:stone_sword":2,"minecraft:stone_pickaxe":32,"minecraft:chest":1,"minecraft:wooden_pickaxe":3,"minecraft:stone":13,"minecraft:leather_boots":2,"graveyard:oak_coffin":4,"minecraft:glow_berries":11,"minecraft:crafting_table":2,"minecraft:carrot":2,"minecraft:oak_wood":1,"minecraft:oak_log":3,"spartanshields:stone_basic_shield":6,"minecraft:stone_axe":23,"minecraft:cobblestone":5,"minecraft:candle":4},"minecraft:mined":{"minecraft:granite":4,"minecraft:oak_wood":1,"minecraft:grass_block":2,"minecraft:chest":1,"minecraft:andesite_slab":1,"minecraft:tall_grass":1,"minecraft:polished_andesite_slab":2,"graveyard:oak_coffin":4,"minecraft:grass":1,"minecraft:oak_log":6,"minecraft:cobweb":1,"minecraft:stone":28,"minecraft:oak_leaves":1},"minecraft:custom":{"minecraft:mob_kills":4,"minecraft:interact_with_crafting_table":11,"minecraft:leave_game":1,"minecraft:time_since_death":590,"minecraft:sleep_in_bed":2,"minecraft:time_since_rest":615,"minecraft:damage_taken":2113,"minecraft:sprint_one_cm":65836,"minecraft:walk_one_cm":61848,"minecraft:damage_blocked_by_shield":900,"minecraft:drop":1,"minecraft:damage_dealt":1509,"minecraft:talked_to_villager":1,"minecraft:fly_one_cm":144714,"minecraft:open_chest":6,"minecraft:crouch_one_cm":1971,"minecraft:deaths":8,"minecraft:play_time":28199,"minecraft:sneak_time":642,"minecraft:jump":654,"minecraft:walk_on_water_one_cm":26,"minecraft:total_world_time":28199,"minecraft:fall_one_cm":21445},"minecraft:killed_by":{"grimoireofgaia:satyress":1,"grimoireofgaia:minotaurus":7},"minecraft:picked_up":{"minecraft:wooden_pickaxe":1,"minecraft:oak_log":90,"minecraft:gunpowder":4,"minecraft:dirt":24,"minecraft:string":1,"minecraft:red_bed":1,"minecraft:leather_boots":4,"minecraft:bone":37,"minecraft:beetroot":16,"minecraft:wheat_seeds":3,"minecraft:candle":4,"minecraft:stone_pickaxe":7,"minecraft:cobweb":20,"minecraft:iron_nugget":2,"minecraft:polished_andesite_slab":2,"minecraft:chest":1,"minecraft:oak_planks":55,"minecraft:stick":10,"minecraft:stone":9,"minecraft:diorite":21,"minecraft:carrot":66,"spartanshields:stone_basic_shield":7,"alexsmobs:animal_dictionary":4,"graveyard:oak_coffin":4,"minecraft:oak_wood":1,"minecraft:stone_sword":6,"minecraft:stone_shovel":2,"minecraft:rotten_flesh":40,"minecraft:stone_axe":9,"minecraft:granite":20,"minecraft:bone_meal":20,"minecraft:glow_berries":1,"minecraft:bone_block":1,"minecraft:coal":3,"minecraft:andesite_slab":1,"minecraft:white_wool":19,"minecraft:cobblestone":111},"minecraft:killed":{"grimoireofgaia:satyress":3,"grimoireofgaia:minotaurus":1},"minecraft:crafted":{"minecraft:oak_planks":28,"minecraft:crafting_table":2,"minecraft:wooden_pickaxe":1,"spartanshields:stone_basic_shield":1,"minecraft:stone_axe":1,"minecraft:stick":8,"minecraft:stone_pickaxe":1,"minecraft:stone_sword":1,"spartanshields:wooden_basic_shield":1}},"DataVersion":3465}