{"stats":{"minecraft:dropped":{"minecraft:stone_axe":1,"spartanshields:stone_basic_shield":1,"alexsmobs:animal_dictionary":1,"minecraft:granite":4,"minecraft:dirt":6,"minecraft:red_bed":1,"minecraft:stone_pickaxe":1},"minecraft:used":{"minecraft:beetroot":16,"minecraft:stone_sword":2,"iceandfire:armor_copper_metal_leggings":3,"minecraft:stone_pickaxe":198,"minecraft:chest":1,"minecraft:wooden_pickaxe":3,"minecraft:stone":13,"minecraft:leather_boots":5,"minecraft:rotten_flesh":1,"graveyard:oak_coffin":4,"minecraft:glow_berries":11,"minecraft:torch":106,"minecraft:mossy_cobblestone":2,"minecraft:crafting_table":3,"minecraft:red_bed":1,"minecraft:carrot":3,"minecraft:oak_wood":1,"minecraft:oak_log":3,"iceandfire:armor_copper_metal_chestplate":3,"spartanshields:stone_basic_shield":24,"minecraft:stone_axe":71,"minecraft:cobblestone":14,"minecraft:furnace":1,"grimoireofgaia:meat":1,"minecraft:potato":5,"minecraft:candle":4},"minecraft:mined":{"iceandfire:silver_ore":10,"minecraft:red_bed":1,"minecraft:mossy_cobblestone":2,"minecraft:crafting_table":1,"minecraft:granite":4,"minecraft:oak_wood":1,"minecraft:grass_block":5,"minecraft:chest":1,"minecraft:andesite_slab":1,"minecraft:copper_ore":8,"minecraft:tall_grass":1,"minecraft:cobblestone":9,"minecraft:polished_andesite_slab":2,"minecraft:spruce_leaves":1,"minecraft:diorite":1,"graveyard:oak_coffin":4,"minecraft:iron_ore":18,"minecraft:andesite":1,"minecraft:pointed_dripstone":1,"minecraft:grass":4,"minecraft:potatoes":5,"minecraft:oak_log":6,"minecraft:coal_ore":42,"minecraft:vine":33,"minecraft:dripstone_block":1,"minecraft:gravel":5,"minecraft:cobweb":1,"minecraft:stone":98,"minecraft:oak_leaves":1},"minecraft:custom":{"minecraft:interact_with_furnace":14,"minecraft:mob_kills":16,"minecraft:interact_with_crafting_table":15,"minecraft:leave_game":2,"minecraft:time_since_death":1601,"minecraft:sleep_in_bed":6,"minecraft:climb_one_cm":7756,"minecraft:time_since_rest":1635,"minecraft:damage_taken":3005,"minecraft:sprint_one_cm":245373,"minecraft:walk_one_cm":203602,"minecraft:damage_blocked_by_shield":2575,"minecraft:drop":15,"minecraft:damage_dealt":5345,"minecraft:fly_one_cm":295337,"minecraft:talked_to_villager":1,"minecraft:open_chest":17,"minecraft:play_time":81044,"minecraft:crouch_one_cm":6200,"minecraft:deaths":15,"minecraft:sneak_time":2783,"minecraft:walk_under_water_one_cm":421,"minecraft:jump":1679,"minecraft:walk_on_water_one_cm":1019,"minecraft:total_world_time":81044,"minecraft:fall_one_cm":43926},"minecraft:broken":{"minecraft:stone_pickaxe":1,"spartanshields:stone_basic_shield":1},"minecraft:killed_by":{"minecraft:player":1,"grimoireofgaia:deathword":1,"grimoireofgaia:satyress":3,"grimoireofgaia:minotaurus":7,"minecraft:skeleton":3},"minecraft:picked_up":{"minecraft:crafting_table":4,"minecraft:feather":2,"minecraft:andesite":9,"iceandfire:armor_copper_metal_chestplate":4,"minecraft:wooden_pickaxe":1,"minecraft:potato":17,"minecraft:oak_log":127,"minecraft:gunpowder":4,"iceandfire:armor_copper_metal_helmet":2,"minecraft:paper":2,"minecraft:string":3,"minecraft:dirt":28,"minecraft:red_bed":2,"minecraft:raw_copper":26,"minecraft:leather_boots":11,"minecraft:bone":41,"minecraft:beetroot":25,"minecraft:wheat_seeds":4,"minecraft:tnt_minecart":3,"minecraft:candle":4,"minecraft:stone_pickaxe":14,"minecraft:cobweb":20,"arthropocolypse:beetle_fragment":5,"minecraft:iron_nugget":14,"minecraft:polished_andesite_slab":2,"minecraft:chest":1,"minecraft:oak_planks":59,"minecraft:stick":46,"minecraft:raw_iron":28,"minecraft:stone":9,"grimoireofgaia:meat":3,"iceandfire:armor_copper_metal_leggings":5,"minecraft:torch":98,"minecraft:dripstone_block":2,"minecraft:spruce_fence":3,"minecraft:gravel":7,"minecraft:pointed_dripstone":1,"minecraft:spruce_sapling":3,"minecraft:diorite":22,"minecraft:carrot":68,"minecraft:spider_eye":3,"minecraft:mossy_cobblestone":2,"spartanshields:stone_basic_shield":13,"alexsmobs:animal_dictionary":4,"minecraft:arrow":2,"graveyard:oak_coffin":4,"minecraft:oak_wood":1,"minecraft:stone_sword":8,"minecraft:rotten_flesh":49,"minecraft:stone_shovel":2,"minecraft:stone_axe":20,"minecraft:granite":33,"minecraft:bone_meal":20,"minecraft:rail":3,"minecraft:glow_berries":1,"minecraft:bone_block":1,"minecraft:coal":58,"iceandfire:raw_silver":27,"minecraft:andesite_slab":1,"minecraft:white_wool":19,"minecraft:cobblestone":282},"minecraft:killed":{"grimoireofgaia:satyress":5,"minecraft:spider":2,"grimoireofgaia:minotaurus":1,"minecraft:skeleton":2,"grimoireofgaia:mimic":1,"minecraft:zombie":2,"grimoireofgaia:deathword":1,"arthropocolypse:field_cricket":1,"grimoireofgaia:harpy":1},"minecraft:crafted":{"minecraft:oak_planks":44,"minecraft:crafting_table":2,"minecraft:wooden_pickaxe":1,"minecraft:furnace":1,"iceandfire:armor_copper_metal_leggings":1,"spartanshields:stone_basic_shield":1,"minecraft:copper_ingot":35,"minecraft:stone_axe":1,"minecraft:air":0,"iceandfire:armor_copper_metal_helmet":1,"minecraft:stick":40,"minecraft:iron_ingot":2,"iceandfire:armor_copper_metal_chestplate":1,"minecraft:stone_pickaxe":2,"minecraft:stone_sword":1,"spartanshields:wooden_basic_shield":1,"minecraft:torch":108}},"DataVersion":3465}