{"stats":{"minecraft:dropped":{"minecraft:wheat_seeds":1,"minecraft:baked_potato":4,"minecraft:granite":4,"minecraft:dirt":6,"minecraft:red_bed":1,"minecraft:iron_pickaxe":2,"minecraft:stone_axe":2,"spartanshields:stone_basic_shield":2,"minecraft:stone_sword":1,"alexsmobs:animal_dictionary":1,"iceandfire:armor_copper_metal_helmet":1,"minecraft:stone_pickaxe":3},"minecraft:used":{"minecraft:beetroot":20,"minecraft:stone_sword":14,"iceandfire:armor_copper_metal_leggings":8,"minecraft:chest":1,"minecraft:stone":13,"minecraft:rotten_flesh":1,"graveyard:oak_coffin":4,"minecraft:torch":106,"minecraft:dirt":1,"minecraft:carrot":3,"minecraft:oak_wood":1,"minecraft:golden_chestplate":1,"minecraft:granite":4,"minecraft:wooden_axe":3,"minecraft:oak_sapling":1,"minecraft:furnace":1,"iceandfire:armor_copper_metal_helmet":1,"grimoireofgaia:meat":3,"minecraft:egg":1,"minecraft:potato":5,"minecraft:wheat_seeds":14,"jet_and_elias_armors:mercenary_gear_helmet":1,"minecraft:baked_potato":4,"minecraft:stone_pickaxe":208,"minecraft:oak_planks":9,"minecraft:wooden_pickaxe":18,"minecraft:chainmail_helmet":3,"minecraft:leather_boots":5,"minecraft:glow_berries":11,"minecraft:mossy_cobblestone":2,"minecraft:crafting_table":3,"minecraft:red_bed":1,"minecraft:oak_log":4,"iceandfire:armor_copper_metal_chestplate":5,"spartanshields:stone_basic_shield":35,"minecraft:iron_pickaxe":3,"minecraft:stone_axe":99,"minecraft:cobblestone":53,"illagerinvasion:platinum_infused_hatchet":52,"minecraft:white_banner":1,"minecraft:andesite":2,"minecraft:candle":4,"minecraft:bone_meal":2},"minecraft:mined":{"iceandfire:silver_ore":10,"minecraft:mossy_cobblestone":2,"minecraft:granite":6,"minecraft:grass_block":5,"minecraft:polished_andesite_slab":2,"minecraft:spruce_leaves":1,"minecraft:iron_ore":20,"minecraft:fire":4,"minecraft:andesite":1,"minecraft:pointed_dripstone":1,"minecraft:potatoes":14,"minecraft:vine":33,"minecraft:stone":100,"minecraft:red_bed":2,"minecraft:crafting_table":1,"minecraft:oak_wood":1,"minecraft:chest":1,"minecraft:andesite_slab":1,"minecraft:tall_grass":6,"minecraft:copper_ore":8,"minecraft:cobblestone":10,"minecraft:oak_planks":13,"minecraft:diorite":1,"graveyard:oak_coffin":4,"minecraft:wheat":9,"minecraft:grass":16,"minecraft:oak_log":7,"minecraft:coal_ore":42,"minecraft:beetroots":28,"minecraft:gravel":16,"minecraft:dripstone_block":1,"minecraft:dirt":5,"minecraft:cobweb":1,"minecraft:oak_leaves":3},"minecraft:broken":{"minecraft:wooden_pickaxe":1,"minecraft:stone_pickaxe":1,"spartanshields:stone_basic_shield":1,"minecraft:leather_boots":1},"minecraft:custom":{"minecraft:mob_kills":32,"minecraft:interact_with_crafting_table":25,"minecraft:leave_game":3,"minecraft:time_since_death":2170,"minecraft:climb_one_cm":9101,"minecraft:sprint_one_cm":494679,"minecraft:walk_one_cm":400397,"minecraft:damage_blocked_by_shield":3315,"minecraft:drop":25,"minecraft:talked_to_villager":1,"minecraft:play_time":158058,"minecraft:deaths":42,"minecraft:sneak_time":3589,"minecraft:walk_under_water_one_cm":421,"minecraft:jump":4292,"minecraft:walk_on_water_one_cm":1651,"minecraft:total_world_time":158058,"minecraft:interact_with_furnace":25,"spartanshields:shield_bash_hits":8,"minecraft:sleep_in_bed":9,"minecraft:time_since_rest":2202,"minecraft:damage_taken":9261,"minecraft:damage_dealt":10475,"minecraft:fly_one_cm":916655,"minecraft:player_kills":2,"minecraft:open_chest":32,"minecraft:crouch_one_cm":7342,"minecraft:fall_one_cm":107667},"minecraft:killed_by":{"minecraft:player":8,"grimoireofgaia:satyress":3,"minecraft:vindicator":2,"grimoireofgaia:deathword":1,"grimoireofgaia:minotaurus":17,"minecraft:skeleton":4,"grimoireofgaia:harpy":7},"minecraft:picked_up":{"minecraft:wooden_axe":3,"minecraft:crafting_table":4,"minecraft:wheat":6,"illagerinvasion:platinum_chunk":1,"minecraft:ladder":6,"iceandfire:armor_copper_metal_chestplate":21,"minecraft:wooden_pickaxe":2,"minecraft:heavy_weighted_pressure_plate":1,"minecraft:string":289,"minecraft:red_bed":11,"minecraft:raw_copper":48,"minecraft:flint_and_steel":2,"minecraft:beetroot":115,"jet_and_elias_armors:mercenary_gear_boots":6,"illagerinvasion:platinum_infused_hatchet":8,"minecraft:candle":4,"minecraft:tnt_minecart":6,"minecraft:gold_nugget":1,"minecraft:bucket":7,"arthropocolypse:beetle_fragment":7,"minecraft:iron_nugget":59,"minecraft:iron_pickaxe":11,"minecraft:chest":9,"minecraft:egg":1,"minecraft:stick":108,"minecraft:raw_iron":59,"minecraft:stone":9,"grimoireofgaia:meat":6,"iceandfire:armor_copper_metal_leggings":18,"minecraft:copper_ingot":2,"minecraft:torch":101,"minecraft:spruce_fence":3,"minecraft:pointed_dripstone":2,"minecraft:diorite":22,"iceandfire:armor_copper_metal_boots":1,"minecraft:carrot":68,"spartanshields:stone_basic_shield":38,"minecraft:golden_chestplate":1,"minecraft:rotten_flesh":102,"minecraft:stone_sword":32,"iceandfire:silver_ingot":2,"minecraft:arrow":4,"minecraft:stone_shovel":2,"minecraft:beetroot_seeds":125,"minecraft:shears":5,"minecraft:glow_berries":1,"minecraft:rail":3,"minecraft:bone_block":1,"minecraft:white_wool":39,"minecraft:cobblestone":737,"minecraft:feather":40,"minecraft:andesite":9,"minecraft:leather":10,"minecraft:potato":55,"minecraft:flint":1,"minecraft:oak_log":131,"jet_and_elias_armors:mercenary_gear_helmet":5,"minecraft:gunpowder":4,"iceandfire:armor_copper_metal_helmet":7,"minecraft:dirt":442,"minecraft:paper":2,"minecraft:white_banner":2,"minecraft:leather_boots":12,"minecraft:bone":46,"minecraft:wheat_seeds":40,"minecraft:iron_ingot":46,"minecraft:stone_pickaxe":50,"minecraft:cobweb":20,"spartanshields:wooden_basic_shield":1,"minecraft:polished_andesite_slab":2,"minecraft:stone_hoe":1,"minecraft:oak_planks":199,"minecraft:dandelion":4,"minecraft:dripstone_block":2,"minecraft:gravel":25,"minecraft:spruce_sapling":3,"alexsmobs:animal_dictionary":4,"minecraft:spruce_door":1,"minecraft:spider_eye":3,"minecraft:mossy_cobblestone":2,"graveyard:oak_coffin":4,"minecraft:oak_wood":1,"minecraft:stone_axe":50,"minecraft:granite":49,"minecraft:bone_meal":40,"minecraft:emerald":14,"minecraft:chainmail_helmet":12,"minecraft:baked_potato":15,"minecraft:oak_sapling":6,"minecraft:coal":98,"minecraft:andesite_slab":1,"iceandfire:raw_silver":66},"minecraft:killed":{"grimoireofgaia:satyress":5,"alexsmobs:raccoon":1,"minecraft:vindicator":1,"minecraft:spider":2,"illagerinvasion:marauder":1,"grimoireofgaia:minotaurus":2,"minecraft:horse":3,"minecraft:skeleton":2,"grimoireofgaia:mimic":2,"arthropocolypse:field_cricket":1,"minecraft:creeper":1,"minecraft:pillager":1,"minecraft:zombie":3,"grimoireofgaia:deathword":1,"grimoireofgaia:harpy":6},"minecraft:crafted":{"minecraft:oak_planks":44,"minecraft:furnace":1,"iceandfire:armor_copper_metal_leggings":1,"minecraft:bone_meal":6,"firstaid:plaster":1,"minecraft:heavy_weighted_pressure_plate":2,"iceandfire:armor_copper_metal_helmet":1,"jet_and_elias_armors:mercenary_gear_helmet":1,"minecraft:stone_pickaxe":3,"iceandfire:armor_copper_metal_chestplate":1,"minecraft:crafting_table":2,"minecraft:wooden_pickaxe":1,"spartanshields:stone_basic_shield":1,"minecraft:copper_ingot":35,"minecraft:stone_axe":2,"minecraft:air":0,"minecraft:stick":44,"minecraft:iron_ingot":17,"minecraft:stone_sword":1,"firstaid:bandage":4,"spartanshields:wooden_basic_shield":1,"jet_and_elias_armors:mercenary_gear_boots":1,"minecraft:torch":108,"minecraft:shears":1}},"DataVersion":3465}