{"stats":{"minecraft:dropped":{"minecraft:wheat_seeds":1,"minecraft:oak_log":33,"minecraft:oak_sapling":2},"minecraft:used":{"minecraft:water_bucket":1,"minecraft:stone_sword":28,"spartanshields:wooden_basic_shield":19,"minecraft:stone_shovel":39,"minecraft:stone_pickaxe":439,"minecraft:baked_potato":2,"minecraft:oak_planks":20,"minecraft:wooden_pickaxe":22,"minecraft:iron_sword":4,"minecraft:leather_boots":1,"minecraft:stone_hoe":108,"minecraft:torch":1,"minecraft:dirt":6,"minecraft:crafting_table":5,"minecraft:red_bed":11,"minecraft:pumpkin_seeds":5,"minecraft:wooden_axe":7,"spartanshields:stone_basic_shield":20,"minecraft:iron_axe":2,"minecraft:iron_pickaxe":10,"minecraft:stone_axe":89,"minecraft:cobblestone":22,"minecraft:oak_sapling":3,"minecraft:beetroot_seeds":5,"minecraft:bucket":1,"minecraft:andesite":1,"minecraft:potato":55},"minecraft:mined":{"minecraft:oak_sapling":1,"minecraft:red_bed":11,"minecraft:crafting_table":2,"minecraft:grass_block":9,"minecraft:tall_grass":4,"minecraft:copper_ore":2,"minecraft:cobblestone":3,"minecraft:oak_planks":1,"minecraft:iron_ore":14,"minecraft:andesite":1,"minecraft:pumpkin":8,"minecraft:grass":37,"minecraft:oak_log":36,"minecraft:red_tulip":1,"minecraft:potatoes":27,"minecraft:coal_ore":66,"minecraft:beetroots":24,"minecraft:gravel":1,"minecraft:dirt":29,"minecraft:stone":379,"minecraft:oak_leaves":2},"minecraft:custom":{"minecraft:interact_with_furnace":29,"minecraft:mob_kills":22,"minecraft:interact_with_crafting_table":30,"minecraft:raid_trigger":1,"minecraft:leave_game":1,"minecraft:time_since_death":9067,"minecraft:sleep_in_bed":14,"minecraft:time_since_rest":976,"minecraft:sprint_one_cm":221189,"minecraft:damage_taken":8148,"minecraft:walk_one_cm":261409,"minecraft:damage_blocked_by_shield":3000,"minecraft:drop":36,"minecraft:damage_dealt":4556,"minecraft:talked_to_villager":7,"minecraft:fly_one_cm":263254,"minecraft:open_chest":37,"minecraft:sneak_time":768,"minecraft:crouch_one_cm":2374,"minecraft:play_time":93761,"minecraft:deaths":45,"minecraft:jump":1562,"minecraft:walk_on_water_one_cm":446,"minecraft:total_world_time":93761,"minecraft:fall_one_cm":30681},"minecraft:broken":{"minecraft:stone_pickaxe":2,"spartanshields:stone_basic_shield":1},"minecraft:killed_by":{"minecraft:vindicator":1,"grimoireofgaia:deathword":3,"grimoireofgaia:minotaurus":11,"minecraft:skeleton":7,"grimoireofgaia:harpy":1,"grimoireofgaia:centaur":1,"minecraft:zombie":9,"minecraft:pillager":5,"illagerinvasion:archivist":1,"illagerinvasion:provoker":4},"minecraft:picked_up":{"minecraft:wooden_axe":1,"minecraft:chainmail_boots":1,"minecraft:crafting_table":3,"minecraft:feather":2,"illagerinvasion:platinum_chunk":2,"minecraft:andesite":7,"minecraft:leather":3,"minecraft:wooden_pickaxe":1,"minecraft:potato":118,"minecraft:flint":1,"minecraft:oak_log":117,"minecraft:paper":1,"minecraft:string":6,"minecraft:red_bed":12,"minecraft:dirt":51,"minecraft:white_banner":9,"minecraft:raw_copper":9,"minecraft:leather_boots":1,"minecraft:bone":13,"minecraft:beetroot":34,"minecraft:bow":1,"minecraft:wheat_seeds":15,"minecraft:gold_nugget":1,"minecraft:bucket":12,"minecraft:stone_pickaxe":16,"spartanshields:wooden_basic_shield":13,"minecraft:iron_nugget":50,"minecraft:iron_pickaxe":7,"minecraft:stone_hoe":5,"minecraft:iron_sword":3,"minecraft:oak_planks":828,"minecraft:book":2,"minecraft:stick":95,"minecraft:raw_iron":39,"minecraft:pumpkin":8,"minecraft:torch":54,"minecraft:stone_sword":9,"spartanshields:stone_basic_shield":20,"alexsmobs:animal_dictionary":22,"minecraft:arrow":22,"minecraft:stone_shovel":9,"minecraft:rotten_flesh":16,"minecraft:stone_axe":12,"minecraft:beetroot_seeds":100,"minecraft:red_tulip":1,"minecraft:granite":4,"minecraft:emerald":26,"minecraft:baked_potato":16,"minecraft:oak_sapling":6,"minecraft:coal":121,"minecraft:cobblestone":3159},"minecraft:killed":{"illagerinvasion:archivist":1,"minecraft:spider":1,"illagerinvasion:marauder":3,"illagerinvasion:basher":1,"grimoireofgaia:centaur":2,"minecraft:skeleton":1,"minecraft:pillager":2,"minecraft:zombie":3,"grimoireofgaia:deathword":1,"illagerinvasion:provoker":1,"alexsmobs:crow":2},"minecraft:crafted":{"minecraft:oak_planks":152,"minecraft:stone_shovel":2,"minecraft:crafting_table":3,"minecraft:baked_potato":13,"minecraft:wooden_pickaxe":1,"minecraft:iron_sword":1,"spartanshields:stone_basic_shield":2,"minecraft:bucket":1,"minecraft:pumpkin_seeds":32,"minecraft:stone_axe":3,"minecraft:air":0,"minecraft:iron_axe":1,"minecraft:stick":80,"minecraft:iron_ingot":14,"minecraft:iron_pickaxe":2,"minecraft:stone_pickaxe":5,"minecraft:wooden_axe":1,"minecraft:stone_sword":4,"spartanshields:wooden_basic_shield":4,"minecraft:stone_hoe":1,"minecraft:torch":28}},"DataVersion":3465}