{"stats":{"minecraft:dropped":{"minecraft:wheat_seeds":1,"minecraft:oak_log":33,"minecraft:oak_sapling":2},"minecraft:used":{"minecraft:stone_sword":13,"minecraft:stone_shovel":39,"minecraft:stone_pickaxe":409,"minecraft:baked_potato":2,"minecraft:wooden_pickaxe":22,"minecraft:iron_sword":4,"minecraft:leather_boots":1,"minecraft:torch":1,"minecraft:dirt":6,"minecraft:crafting_table":5,"minecraft:red_bed":9,"minecraft:wooden_axe":7,"spartanshields:stone_basic_shield":5,"minecraft:iron_axe":2,"minecraft:iron_pickaxe":7,"minecraft:stone_axe":39,"minecraft:cobblestone":22,"minecraft:oak_sapling":2,"minecraft:beetroot_seeds":5,"minecraft:andesite":1,"minecraft:potato":15},"minecraft:mined":{"minecraft:oak_sapling":1,"minecraft:red_bed":9,"minecraft:crafting_table":2,"minecraft:grass_block":8,"minecraft:tall_grass":4,"minecraft:copper_ore":2,"minecraft:cobblestone":1,"minecraft:iron_ore":14,"minecraft:andesite":1,"minecraft:grass":7,"minecraft:oak_log":30,"minecraft:red_tulip":1,"minecraft:potatoes":14,"minecraft:coal_ore":66,"minecraft:beetroots":19,"minecraft:gravel":1,"minecraft:dirt":29,"minecraft:stone":349,"minecraft:oak_leaves":2},"minecraft:custom":{"minecraft:interact_with_furnace":21,"minecraft:mob_kills":10,"minecraft:interact_with_crafting_table":16,"minecraft:time_since_death":891,"minecraft:sleep_in_bed":6,"minecraft:time_since_rest":921,"minecraft:sprint_one_cm":109222,"minecraft:damage_taken":5788,"minecraft:walk_one_cm":146799,"minecraft:damage_blocked_by_shield":495,"minecraft:drop":36,"minecraft:damage_dealt":2254,"minecraft:talked_to_villager":5,"minecraft:fly_one_cm":138306,"minecraft:open_chest":12,"minecraft:sneak_time":712,"minecraft:crouch_one_cm":2140,"minecraft:play_time":57241,"minecraft:deaths":31,"minecraft:jump":1038,"minecraft:walk_on_water_one_cm":368,"minecraft:total_world_time":57241,"minecraft:fall_one_cm":17642},"minecraft:broken":{"minecraft:stone_pickaxe":2},"minecraft:killed_by":{"grimoireofgaia:deathword":3,"grimoireofgaia:minotaurus":11,"minecraft:skeleton":7,"grimoireofgaia:centaur":1,"minecraft:zombie":9},"minecraft:picked_up":{"minecraft:wooden_axe":1,"minecraft:crafting_table":3,"minecraft:andesite":7,"minecraft:leather":3,"minecraft:wooden_pickaxe":1,"minecraft:potato":39,"minecraft:flint":1,"minecraft:oak_log":75,"minecraft:string":6,"minecraft:red_bed":9,"minecraft:dirt":43,"minecraft:raw_copper":9,"minecraft:leather_boots":1,"minecraft:bone":13,"minecraft:beetroot":30,"minecraft:bow":1,"minecraft:wheat_seeds":3,"minecraft:gold_nugget":1,"minecraft:stone_pickaxe":10,"minecraft:iron_nugget":5,"minecraft:iron_pickaxe":2,"minecraft:iron_sword":3,"minecraft:oak_planks":478,"minecraft:book":1,"minecraft:stick":57,"minecraft:raw_iron":39,"minecraft:torch":54,"minecraft:stone_sword":2,"spartanshields:stone_basic_shield":10,"alexsmobs:animal_dictionary":11,"minecraft:arrow":12,"minecraft:stone_shovel":5,"minecraft:rotten_flesh":14,"minecraft:stone_axe":6,"minecraft:beetroot_seeds":90,"minecraft:red_tulip":1,"minecraft:granite":4,"minecraft:baked_potato":16,"minecraft:oak_sapling":5,"minecraft:coal":121,"minecraft:cobblestone":2350},"minecraft:killed":{"minecraft:spider":1,"grimoireofgaia:centaur":2,"minecraft:skeleton":1,"minecraft:zombie":2,"grimoireofgaia:deathword":1,"alexsmobs:crow":1},"minecraft:crafted":{"minecraft:oak_planks":80,"minecraft:stone_shovel":1,"minecraft:crafting_table":3,"minecraft:baked_potato":10,"minecraft:wooden_pickaxe":1,"minecraft:iron_sword":1,"spartanshields:stone_basic_shield":1,"minecraft:stone_axe":2,"minecraft:air":0,"minecraft:iron_axe":1,"minecraft:stick":60,"minecraft:iron_ingot":8,"minecraft:iron_pickaxe":1,"minecraft:stone_pickaxe":5,"minecraft:wooden_axe":1,"minecraft:stone_sword":1,"spartanshields:wooden_basic_shield":1,"minecraft:torch":28}},"DataVersion":3465}