{"stats":{"minecraft:dropped":{"minecraft:wheat_seeds":2,"minecraft:oak_log":33,"minecraft:cobblestone":3,"minecraft:stick":1,"minecraft:iron_pickaxe":1,"minecraft:stone_axe":1,"spartanshields:stone_basic_shield":1,"minecraft:stone_sword":1,"minecraft:oak_sapling":2,"minecraft:stone_pickaxe":1,"grimoireofgaia:meat":2},"minecraft:used":{"minecraft:stone_sword":140,"iceandfire:armor_copper_metal_leggings":5,"minecraft:stone_shovel":334,"minecraft:chest":1,"minecraft:iron_sword":4,"minecraft:stone_hoe":131,"minecraft:torch":1,"minecraft:dirt":7,"minecraft:wooden_axe":7,"minecraft:iron_axe":2,"minecraft:oak_sapling":3,"iceandfire:armor_copper_metal_helmet":2,"minecraft:beetroot_seeds":30,"minecraft:potato":123,"minecraft:iron_leggings":2,"minecraft:wheat_seeds":8,"minecraft:water_bucket":1,"spartanshields:wooden_basic_shield":20,"minecraft:stone_pickaxe":443,"minecraft:baked_potato":5,"minecraft:oak_planks":21,"minecraft:wooden_pickaxe":27,"minecraft:leather_boots":1,"minecraft:crafting_table":5,"minecraft:red_bed":11,"minecraft:pumpkin_seeds":5,"minecraft:oak_log":2,"spartanshields:stone_basic_shield":31,"minecraft:iron_pickaxe":158,"minecraft:gravel":3,"minecraft:stone_axe":97,"minecraft:cobblestone":262,"minecraft:white_banner":1,"minecraft:bucket":1,"minecraft:andesite":1},"minecraft:mined":{"minecraft:oak_sapling":1,"minecraft:spruce_trapdoor":1,"minecraft:granite":2,"minecraft:grass_block":241,"minecraft:iron_ore":14,"minecraft:andesite":1,"minecraft:pumpkin":8,"minecraft:red_tulip":1,"minecraft:potatoes":48,"minecraft:stone":505,"minecraft:red_bed":11,"minecraft:crafting_table":2,"minecraft:tall_grass":7,"minecraft:copper_ore":2,"minecraft:cobblestone":8,"minecraft:oak_planks":6,"minecraft:grass":64,"minecraft:oak_log":37,"minecraft:coal_ore":68,"minecraft:beetroots":38,"minecraft:gravel":3,"minecraft:dirt":67,"minecraft:oak_leaves":2},"minecraft:broken":{"minecraft:stone_hoe":1,"minecraft:stone_pickaxe":3,"spartanshields:wooden_basic_shield":1,"spartanshields:stone_basic_shield":1,"minecraft:stone_shovel":1},"minecraft:custom":{"minecraft:mob_kills":34,"minecraft:interact_with_crafting_table":33,"minecraft:leave_game":2,"minecraft:time_since_death":788,"minecraft:sprint_one_cm":309359,"minecraft:walk_one_cm":457307,"minecraft:damage_blocked_by_shield":4095,"minecraft:drop":48,"minecraft:talked_to_villager":7,"minecraft:play_time":145113,"minecraft:deaths":75,"minecraft:sneak_time":1311,"minecraft:jump":2240,"minecraft:walk_on_water_one_cm":742,"minecraft:total_world_time":145113,"minecraft:interact_with_furnace":36,"minecraft:raid_trigger":1,"minecraft:sleep_in_bed":16,"minecraft:time_since_rest":814,"minecraft:damage_taken":13780,"minecraft:damage_dealt":10397,"minecraft:fly_one_cm":371617,"minecraft:player_kills":9,"minecraft:open_chest":55,"minecraft:crouch_one_cm":3562,"minecraft:fall_one_cm":43374},"minecraft:killed_by":{"minecraft:player":2,"grimoireofgaia:centaur":2,"minecraft:pillager":5,"minecraft:vindicator":1,"grimoireofgaia:deathword":3,"grimoireofgaia:minotaurus":20,"minecraft:skeleton":8,"grimoireofgaia:harpy":15,"minecraft:zombie":9,"illagerinvasion:archivist":1,"illagerinvasion:provoker":4},"minecraft:picked_up":{"minecraft:wooden_axe":1,"minecraft:crafting_table":3,"minecraft:chainmail_boots":1,"illagerinvasion:platinum_chunk":2,"iceandfire:armor_copper_metal_chestplate":6,"minecraft:wooden_pickaxe":1,"minecraft:string":6,"minecraft:red_bed":12,"minecraft:raw_copper":9,"minecraft:iron_leggings":3,"minecraft:beetroot":60,"illagerinvasion:platinum_infused_hatchet":1,"minecraft:tnt_minecart":4,"minecraft:gold_nugget":1,"minecraft:bucket":20,"minecraft:iron_nugget":78,"minecraft:iron_pickaxe":18,"minecraft:chest":4,"minecraft:stick":103,"minecraft:raw_iron":70,"grimoireofgaia:meat":3,"iceandfire:armor_copper_metal_leggings":9,"minecraft:torch":57,"minecraft:spruce_fence":1,"minecraft:pointed_dripstone":2,"iceandfire:armor_copper_metal_boots":2,"spartanshields:stone_basic_shield":38,"minecraft:stone_sword":22,"iceandfire:silver_ingot":2,"minecraft:arrow":42,"minecraft:rotten_flesh":42,"minecraft:stone_shovel":9,"minecraft:beetroot_seeds":135,"minecraft:red_tulip":1,"minecraft:rail":1,"minecraft:cobblestone":3590,"minecraft:oxeye_daisy":2,"minecraft:feather":26,"minecraft:andesite":8,"minecraft:leather":3,"minecraft:potato":192,"minecraft:flint":3,"minecraft:oak_log":120,"iceandfire:armor_copper_metal_helmet":4,"minecraft:paper":5,"minecraft:dirt":461,"minecraft:white_banner":9,"minecraft:leather_boots":1,"minecraft:bone":13,"minecraft:bow":1,"minecraft:wheat_seeds":25,"minecraft:stone_pickaxe":31,"spartanshields:wooden_basic_shield":17,"minecraft:iron_sword":3,"minecraft:stone_hoe":11,"minecraft:oak_planks":971,"minecraft:book":2,"minecraft:pumpkin":8,"minecraft:dripstone_block":1,"minecraft:gravel":15,"minecraft:spruce_sapling":1,"alexsmobs:animal_dictionary":25,"minecraft:spider_eye":1,"minecraft:stone_axe":22,"minecraft:granite":4,"minecraft:emerald":26,"minecraft:chainmail_helmet":2,"minecraft:baked_potato":18,"minecraft:oak_sapling":6,"minecraft:coal":165},"minecraft:killed":{"illagerinvasion:archivist":1,"grimoireofgaia:satyress":2,"minecraft:spider":1,"illagerinvasion:marauder":3,"grimoireofgaia:centaur":2,"illagerinvasion:basher":1,"minecraft:skeleton":2,"illagerinvasion:provoker":1,"minecraft:pillager":2,"minecraft:zombie":7,"grimoireofgaia:deathword":1,"grimoireofgaia:harpy":4,"alexsmobs:crow":2},"minecraft:crafted":{"minecraft:oak_planks":152,"minecraft:stone_shovel":5,"minecraft:iron_axe":1,"minecraft:stone_pickaxe":5,"minecraft:stone_hoe":1,"minecraft:crafting_table":3,"minecraft:wooden_pickaxe":1,"minecraft:baked_potato":16,"minecraft:iron_sword":1,"spartanshields:stone_basic_shield":3,"minecraft:bucket":1,"minecraft:pumpkin_seeds":32,"minecraft:stone_axe":3,"minecraft:air":0,"minecraft:stick":92,"minecraft:iron_pickaxe":2,"minecraft:iron_ingot":26,"minecraft:wooden_axe":1,"minecraft:stone_sword":4,"spartanshields:wooden_basic_shield":4,"minecraft:torch":28}},"DataVersion":3465}