{"stats":{"minecraft:dropped":{"minecraft:wheat_seeds":1,"minecraft:oak_log":33,"minecraft:stone_sword":1,"minecraft:oak_sapling":2},"minecraft:used":{"minecraft:water_bucket":1,"minecraft:stone_sword":101,"spartanshields:wooden_basic_shield":19,"iceandfire:armor_copper_metal_leggings":1,"minecraft:stone_shovel":39,"minecraft:stone_pickaxe":439,"minecraft:baked_potato":2,"minecraft:oak_planks":21,"minecraft:wooden_pickaxe":22,"minecraft:iron_sword":4,"minecraft:leather_boots":1,"minecraft:stone_hoe":108,"minecraft:torch":1,"minecraft:dirt":6,"minecraft:crafting_table":5,"minecraft:red_bed":11,"minecraft:pumpkin_seeds":5,"minecraft:oak_log":2,"minecraft:wooden_axe":7,"spartanshields:stone_basic_shield":24,"minecraft:iron_axe":2,"minecraft:iron_pickaxe":16,"minecraft:stone_axe":94,"minecraft:cobblestone":24,"minecraft:beetroot_seeds":5,"minecraft:oak_sapling":3,"minecraft:andesite":1,"minecraft:bucket":1,"minecraft:potato":55},"minecraft:mined":{"minecraft:oak_sapling":1,"minecraft:red_bed":11,"minecraft:granite":2,"minecraft:spruce_trapdoor":1,"minecraft:crafting_table":2,"minecraft:grass_block":9,"minecraft:copper_ore":2,"minecraft:tall_grass":4,"minecraft:cobblestone":4,"minecraft:oak_planks":5,"minecraft:iron_ore":14,"minecraft:andesite":1,"minecraft:pumpkin":8,"minecraft:grass":37,"minecraft:beetroots":24,"minecraft:potatoes":27,"minecraft:red_tulip":1,"minecraft:coal_ore":66,"minecraft:oak_log":36,"minecraft:gravel":1,"minecraft:dirt":29,"minecraft:stone":379,"minecraft:oak_leaves":2},"minecraft:custom":{"minecraft:interact_with_furnace":29,"minecraft:mob_kills":32,"minecraft:interact_with_crafting_table":30,"minecraft:raid_trigger":1,"minecraft:leave_game":1,"minecraft:time_since_death":1547,"minecraft:sleep_in_bed":15,"minecraft:time_since_rest":1575,"minecraft:sprint_one_cm":222069,"minecraft:damage_taken":9508,"minecraft:walk_one_cm":290636,"minecraft:damage_blocked_by_shield":3420,"minecraft:drop":37,"minecraft:damage_dealt":7732,"minecraft:player_kills":4,"minecraft:play_time":104947,"minecraft:talked_to_villager":7,"minecraft:fly_one_cm":264140,"minecraft:open_chest":38,"minecraft:crouch_one_cm":2374,"minecraft:sneak_time":799,"minecraft:deaths":52,"minecraft:jump":1591,"minecraft:walk_on_water_one_cm":446,"minecraft:total_world_time":104947,"minecraft:fall_one_cm":30681},"minecraft:broken":{"minecraft:stone_pickaxe":2,"spartanshields:stone_basic_shield":1},"minecraft:killed_by":{"minecraft:vindicator":1,"minecraft:player":1,"grimoireofgaia:minotaurus":13,"grimoireofgaia:deathword":3,"minecraft:skeleton":7,"grimoireofgaia:harpy":5,"grimoireofgaia:centaur":1,"minecraft:zombie":9,"minecraft:pillager":5,"illagerinvasion:archivist":1,"illagerinvasion:provoker":4},"minecraft:picked_up":{"minecraft:wooden_axe":1,"minecraft:crafting_table":3,"minecraft:chainmail_boots":1,"minecraft:feather":12,"illagerinvasion:platinum_chunk":2,"minecraft:andesite":8,"minecraft:leather":3,"minecraft:wooden_pickaxe":1,"minecraft:potato":118,"minecraft:flint":3,"minecraft:oak_log":119,"minecraft:red_bed":12,"minecraft:string":6,"minecraft:dirt":51,"minecraft:paper":5,"minecraft:white_banner":9,"minecraft:raw_copper":9,"minecraft:leather_boots":1,"minecraft:bone":13,"minecraft:beetroot":34,"minecraft:tnt_minecart":4,"minecraft:bow":1,"minecraft:wheat_seeds":15,"minecraft:gold_nugget":1,"minecraft:bucket":17,"minecraft:stone_pickaxe":21,"spartanshields:wooden_basic_shield":17,"minecraft:iron_nugget":59,"minecraft:iron_pickaxe":12,"minecraft:chest":3,"minecraft:stone_hoe":7,"minecraft:iron_sword":3,"minecraft:oak_planks":966,"minecraft:book":2,"minecraft:stick":95,"minecraft:raw_iron":70,"minecraft:pumpkin":8,"iceandfire:armor_copper_metal_leggings":3,"minecraft:torch":57,"minecraft:gravel":9,"minecraft:dripstone_block":1,"minecraft:spruce_fence":1,"minecraft:spider_eye":1,"minecraft:spruce_sapling":1,"iceandfire:silver_ingot":2,"minecraft:pointed_dripstone":2,"iceandfire:armor_copper_metal_boots":2,"spartanshields:stone_basic_shield":27,"alexsmobs:animal_dictionary":25,"minecraft:stone_sword":13,"minecraft:arrow":42,"minecraft:stone_shovel":9,"minecraft:rotten_flesh":35,"minecraft:stone_axe":15,"minecraft:beetroot_seeds":100,"minecraft:red_tulip":1,"minecraft:granite":4,"minecraft:emerald":26,"minecraft:baked_potato":16,"minecraft:oak_sapling":6,"minecraft:coal":161,"minecraft:rail":1,"minecraft:cobblestone":3245},"minecraft:killed":{"illagerinvasion:archivist":1,"minecraft:spider":1,"illagerinvasion:marauder":3,"illagerinvasion:basher":1,"grimoireofgaia:centaur":2,"minecraft:skeleton":2,"minecraft:pillager":2,"minecraft:zombie":7,"grimoireofgaia:deathword":1,"grimoireofgaia:harpy":4,"illagerinvasion:provoker":1,"alexsmobs:crow":2},"minecraft:crafted":{"minecraft:oak_planks":152,"minecraft:stone_shovel":2,"minecraft:crafting_table":3,"minecraft:baked_potato":13,"minecraft:wooden_pickaxe":1,"minecraft:iron_sword":1,"spartanshields:stone_basic_shield":2,"minecraft:bucket":1,"minecraft:pumpkin_seeds":32,"minecraft:stone_axe":3,"minecraft:air":0,"minecraft:iron_axe":1,"minecraft:stick":80,"minecraft:iron_ingot":14,"minecraft:iron_pickaxe":2,"minecraft:stone_pickaxe":5,"minecraft:wooden_axe":1,"minecraft:stone_sword":4,"spartanshields:wooden_basic_shield":4,"minecraft:torch":28,"minecraft:stone_hoe":1}},"DataVersion":3465}