{"stats":{"minecraft:dropped":{"minecraft:wheat_seeds":1,"minecraft:oak_log":33,"minecraft:oak_sapling":2},"minecraft:used":{"minecraft:water_bucket":1,"minecraft:stone_sword":28,"spartanshields:wooden_basic_shield":19,"minecraft:stone_shovel":39,"minecraft:stone_pickaxe":439,"minecraft:baked_potato":2,"minecraft:wooden_pickaxe":22,"minecraft:iron_sword":4,"minecraft:leather_boots":1,"minecraft:stone_hoe":71,"minecraft:torch":1,"minecraft:dirt":6,"minecraft:crafting_table":5,"minecraft:red_bed":10,"minecraft:pumpkin_seeds":5,"minecraft:wooden_axe":7,"spartanshields:stone_basic_shield":18,"minecraft:iron_axe":2,"minecraft:iron_pickaxe":7,"minecraft:stone_axe":83,"minecraft:cobblestone":22,"minecraft:oak_sapling":3,"minecraft:beetroot_seeds":5,"minecraft:bucket":1,"minecraft:andesite":1,"minecraft:potato":28},"minecraft:mined":{"minecraft:oak_sapling":1,"minecraft:red_bed":10,"minecraft:crafting_table":2,"minecraft:grass_block":9,"minecraft:tall_grass":4,"minecraft:copper_ore":2,"minecraft:cobblestone":1,"minecraft:iron_ore":14,"minecraft:andesite":1,"minecraft:pumpkin":8,"minecraft:grass":27,"minecraft:oak_log":36,"minecraft:red_tulip":1,"minecraft:potatoes":21,"minecraft:coal_ore":66,"minecraft:beetroots":24,"minecraft:gravel":1,"minecraft:dirt":29,"minecraft:stone":379,"minecraft:oak_leaves":2},"minecraft:custom":{"minecraft:interact_with_furnace":27,"minecraft:mob_kills":22,"minecraft:interact_with_crafting_table":26,"minecraft:raid_trigger":1,"minecraft:time_since_death":5150,"minecraft:sleep_in_bed":11,"minecraft:time_since_rest":1799,"minecraft:sprint_one_cm":192175,"minecraft:damage_taken":8043,"minecraft:walk_one_cm":231262,"minecraft:damage_blocked_by_shield":2940,"minecraft:drop":36,"minecraft:damage_dealt":4556,"minecraft:talked_to_villager":7,"minecraft:fly_one_cm":224300,"minecraft:open_chest":27,"minecraft:sneak_time":736,"minecraft:crouch_one_cm":2233,"minecraft:play_time":81241,"minecraft:deaths":43,"minecraft:jump":1413,"minecraft:walk_on_water_one_cm":368,"minecraft:total_world_time":81241,"minecraft:fall_one_cm":25395},"minecraft:broken":{"minecraft:stone_pickaxe":2,"spartanshields:stone_basic_shield":1},"minecraft:killed_by":{"minecraft:vindicator":1,"grimoireofgaia:deathword":3,"grimoireofgaia:minotaurus":11,"minecraft:skeleton":7,"grimoireofgaia:harpy":1,"grimoireofgaia:centaur":1,"minecraft:zombie":9,"minecraft:pillager":4,"illagerinvasion:archivist":1,"illagerinvasion:provoker":4},"minecraft:picked_up":{"minecraft:wooden_axe":1,"minecraft:chainmail_boots":1,"minecraft:crafting_table":3,"minecraft:feather":2,"illagerinvasion:platinum_chunk":2,"minecraft:andesite":7,"minecraft:leather":3,"minecraft:wooden_pickaxe":1,"minecraft:potato":95,"minecraft:flint":1,"minecraft:oak_log":117,"minecraft:paper":1,"minecraft:string":6,"minecraft:red_bed":11,"minecraft:dirt":51,"minecraft:white_banner":9,"minecraft:raw_copper":9,"minecraft:leather_boots":1,"minecraft:bone":13,"minecraft:beetroot":34,"minecraft:bow":1,"minecraft:wheat_seeds":15,"minecraft:gold_nugget":1,"minecraft:bucket":11,"minecraft:stone_pickaxe":15,"spartanshields:wooden_basic_shield":12,"minecraft:iron_nugget":50,"minecraft:iron_pickaxe":6,"minecraft:stone_hoe":4,"minecraft:iron_sword":3,"minecraft:oak_planks":767,"minecraft:book":2,"minecraft:stick":83,"minecraft:raw_iron":39,"minecraft:pumpkin":8,"minecraft:torch":54,"minecraft:stone_sword":9,"spartanshields:stone_basic_shield":19,"alexsmobs:animal_dictionary":21,"minecraft:arrow":17,"minecraft:stone_shovel":9,"minecraft:rotten_flesh":14,"minecraft:stone_axe":11,"minecraft:beetroot_seeds":100,"minecraft:red_tulip":1,"minecraft:granite":4,"minecraft:emerald":26,"minecraft:baked_potato":16,"minecraft:oak_sapling":6,"minecraft:coal":121,"minecraft:cobblestone":3152},"minecraft:killed":{"illagerinvasion:archivist":1,"minecraft:spider":1,"illagerinvasion:marauder":3,"illagerinvasion:basher":1,"grimoireofgaia:centaur":2,"minecraft:skeleton":1,"minecraft:pillager":2,"minecraft:zombie":3,"grimoireofgaia:deathword":1,"illagerinvasion:provoker":1,"alexsmobs:crow":2},"minecraft:crafted":{"minecraft:oak_planks":80,"minecraft:stone_shovel":2,"minecraft:crafting_table":3,"minecraft:baked_potato":10,"minecraft:wooden_pickaxe":1,"minecraft:iron_sword":1,"spartanshields:stone_basic_shield":1,"minecraft:bucket":1,"minecraft:pumpkin_seeds":32,"minecraft:stone_axe":2,"minecraft:air":0,"minecraft:iron_axe":1,"minecraft:stick":64,"minecraft:iron_ingot":14,"minecraft:iron_pickaxe":2,"minecraft:stone_pickaxe":5,"minecraft:wooden_axe":1,"minecraft:stone_sword":2,"spartanshields:wooden_basic_shield":3,"minecraft:stone_hoe":1,"minecraft:torch":28}},"DataVersion":3465}