{"stats":{"minecraft:dropped":{"minecraft:wheat_seeds":1,"minecraft:oak_sapling":2},"minecraft:used":{"minecraft:wooden_axe":7,"minecraft:stone_shovel":10,"minecraft:stone_pickaxe":37,"minecraft:wooden_pickaxe":22,"minecraft:leather_boots":1,"minecraft:stone_axe":28,"minecraft:dirt":6,"minecraft:cobblestone":4,"minecraft:crafting_table":3,"minecraft:red_bed":5,"minecraft:oak_sapling":2,"minecraft:beetroot_seeds":5,"minecraft:potato":4},"minecraft:mined":{"minecraft:oak_sapling":1,"minecraft:red_bed":5,"minecraft:crafting_table":2,"minecraft:grass":6,"minecraft:grass_block":7,"minecraft:potatoes":4,"minecraft:red_tulip":1,"minecraft:oak_log":30,"minecraft:beetroots":5,"minecraft:dirt":3,"minecraft:tall_grass":3,"minecraft:stone":59,"minecraft:oak_leaves":2},"minecraft:custom":{"minecraft:time_since_rest":432,"minecraft:sprint_one_cm":34782,"minecraft:damage_taken":3063,"minecraft:walk_one_cm":55419,"minecraft:mob_kills":1,"minecraft:drop":3,"minecraft:damage_dealt":686,"minecraft:interact_with_crafting_table":6,"minecraft:talked_to_villager":2,"minecraft:fly_one_cm":71686,"minecraft:open_chest":3,"minecraft:crouch_one_cm":382,"minecraft:play_time":21241,"minecraft:deaths":12,"minecraft:sneak_time":176,"minecraft:jump":289,"minecraft:time_since_death":407,"minecraft:sleep_in_bed":2,"minecraft:total_world_time":21241,"minecraft:fall_one_cm":8863},"minecraft:killed_by":{"grimoireofgaia:minotaurus":11,"grimoireofgaia:centaur":1},"minecraft:picked_up":{"minecraft:wooden_axe":1,"minecraft:stick":12,"minecraft:crafting_table":3,"minecraft:leather":3,"minecraft:wooden_pickaxe":1,"minecraft:potato":4,"minecraft:oak_log":75,"minecraft:dirt":11,"alexsmobs:animal_dictionary":2,"spartanshields:stone_basic_shield":2,"minecraft:red_bed":5,"minecraft:rotten_flesh":10,"minecraft:leather_boots":1,"minecraft:stone_shovel":3,"minecraft:beetroot":4,"minecraft:gold_nugget":1,"minecraft:beetroot_seeds":16,"minecraft:stone_axe":1,"minecraft:wheat_seeds":3,"minecraft:red_tulip":1,"minecraft:stone_pickaxe":2,"minecraft:iron_nugget":3,"minecraft:oak_sapling":5,"minecraft:oak_planks":51,"minecraft:cobblestone":99},"minecraft:killed":{"grimoireofgaia:centaur":1},"minecraft:crafted":{"minecraft:oak_planks":36,"minecraft:stone_shovel":1,"minecraft:crafting_table":1,"minecraft:stick":16,"minecraft:wooden_pickaxe":1,"minecraft:stone_pickaxe":1,"minecraft:wooden_axe":1,"spartanshields:wooden_basic_shield":1,"spartanshields:stone_basic_shield":1,"minecraft:stone_axe":1}},"DataVersion":3465}