{"stats":{"minecraft:dropped":{"minecraft:wheat_seeds":1},"minecraft:used":{"minecraft:wooden_axe":7,"minecraft:wooden_pickaxe":22,"minecraft:stone_axe":5,"minecraft:crafting_table":2,"minecraft:red_bed":2},"minecraft:mined":{"minecraft:red_bed":2,"minecraft:crafting_table":2,"minecraft:grass":6,"minecraft:oak_log":12,"minecraft:tall_grass":3,"minecraft:stone":22,"minecraft:oak_leaves":1},"minecraft:custom":{"minecraft:time_since_rest":686,"minecraft:sprint_one_cm":19162,"minecraft:damage_taken":85,"minecraft:walk_one_cm":19988,"minecraft:drop":1,"minecraft:damage_dealt":317,"minecraft:interact_with_crafting_table":5,"minecraft:talked_to_villager":2,"minecraft:fly_one_cm":37785,"minecraft:open_chest":1,"minecraft:crouch_one_cm":184,"minecraft:play_time":9241,"minecraft:deaths":1,"minecraft:sneak_time":44,"minecraft:jump":142,"minecraft:time_since_death":663,"minecraft:sleep_in_bed":1,"minecraft:total_world_time":9241,"minecraft:fall_one_cm":3460},"minecraft:killed_by":{"grimoireofgaia:centaur":1},"minecraft:picked_up":{"minecraft:wooden_axe":1,"minecraft:stick":7,"minecraft:crafting_table":3,"minecraft:wooden_pickaxe":1,"minecraft:oak_log":9,"alexsmobs:animal_dictionary":1,"spartanshields:stone_basic_shield":1,"minecraft:red_bed":2,"minecraft:stone_axe":1,"minecraft:wheat_seeds":1,"minecraft:stone_pickaxe":1,"minecraft:iron_nugget":2,"minecraft:oak_sapling":2,"minecraft:oak_planks":14,"minecraft:cobblestone":22},"minecraft:crafted":{"minecraft:oak_planks":36,"minecraft:crafting_table":1,"minecraft:stick":16,"minecraft:wooden_pickaxe":1,"minecraft:stone_pickaxe":1,"minecraft:wooden_axe":1,"spartanshields:wooden_basic_shield":1,"spartanshields:stone_basic_shield":1,"minecraft:stone_axe":1}},"DataVersion":3465}