{"stats":{"minecraft:dropped":{"minecraft:wheat_seeds":1,"minecraft:oak_log":33,"minecraft:oak_sapling":2},"minecraft:used":{"minecraft:stone_shovel":35,"minecraft:stone_pickaxe":286,"minecraft:wooden_pickaxe":22,"minecraft:leather_boots":1,"minecraft:dirt":6,"minecraft:crafting_table":4,"minecraft:red_bed":6,"minecraft:wooden_axe":7,"spartanshields:stone_basic_shield":2,"minecraft:stone_axe":34,"minecraft:cobblestone":18,"minecraft:oak_sapling":2,"minecraft:beetroot_seeds":5,"minecraft:potato":4},"minecraft:mined":{"minecraft:oak_sapling":1,"minecraft:red_bed":6,"minecraft:crafting_table":2,"minecraft:grass_block":8,"minecraft:tall_grass":3,"minecraft:copper_ore":2,"minecraft:cobblestone":1,"minecraft:iron_ore":8,"minecraft:grass":6,"minecraft:oak_log":30,"minecraft:red_tulip":1,"minecraft:potatoes":4,"minecraft:coal_ore":51,"minecraft:beetroots":5,"minecraft:gravel":1,"minecraft:dirt":29,"minecraft:stone":242,"minecraft:oak_leaves":2},"minecraft:custom":{"minecraft:interact_with_furnace":3,"minecraft:mob_kills":3,"minecraft:interact_with_crafting_table":8,"minecraft:time_since_death":12407,"minecraft:sleep_in_bed":3,"minecraft:time_since_rest":3803,"minecraft:sprint_one_cm":42851,"minecraft:damage_taken":3063,"minecraft:walk_one_cm":78498,"minecraft:damage_blocked_by_shield":135,"minecraft:drop":36,"minecraft:damage_dealt":1176,"minecraft:talked_to_villager":2,"minecraft:fly_one_cm":83198,"minecraft:open_chest":4,"minecraft:sneak_time":437,"minecraft:crouch_one_cm":1300,"minecraft:play_time":33241,"minecraft:deaths":12,"minecraft:jump":410,"minecraft:walk_on_water_one_cm":18,"minecraft:total_world_time":33241,"minecraft:fall_one_cm":10177},"minecraft:broken":{"minecraft:stone_pickaxe":2},"minecraft:killed_by":{"grimoireofgaia:minotaurus":11,"grimoireofgaia:centaur":1},"minecraft:picked_up":{"minecraft:wooden_axe":1,"minecraft:crafting_table":3,"minecraft:leather":3,"minecraft:wooden_pickaxe":1,"minecraft:potato":4,"minecraft:flint":1,"minecraft:oak_log":75,"minecraft:red_bed":6,"minecraft:dirt":43,"minecraft:raw_copper":9,"minecraft:leather_boots":1,"minecraft:beetroot":4,"minecraft:wheat_seeds":3,"minecraft:gold_nugget":1,"minecraft:stone_pickaxe":3,"minecraft:iron_nugget":4,"minecraft:oak_planks":51,"minecraft:stick":12,"minecraft:raw_iron":8,"spartanshields:stone_basic_shield":3,"alexsmobs:animal_dictionary":3,"minecraft:stone_shovel":3,"minecraft:rotten_flesh":10,"minecraft:stone_axe":2,"minecraft:beetroot_seeds":16,"minecraft:red_tulip":1,"minecraft:granite":4,"minecraft:oak_sapling":5,"minecraft:coal":50,"minecraft:cobblestone":283},"minecraft:killed":{"grimoireofgaia:centaur":2,"alexsmobs:crow":1},"minecraft:crafted":{"minecraft:oak_planks":36,"minecraft:stone_shovel":1,"minecraft:crafting_table":2,"minecraft:wooden_pickaxe":1,"spartanshields:stone_basic_shield":1,"minecraft:stone_axe":1,"minecraft:stick":32,"minecraft:stone_pickaxe":3,"minecraft:wooden_axe":1,"spartanshields:wooden_basic_shield":1}},"DataVersion":3465}