{"stats":{"minecraft:picked_up":{"minecraft:sandstone":16,"alexsmobs:animal_dictionary":1},"minecraft:custom":{"minecraft:jump":48,"minecraft:time_since_rest":3344,"minecraft:damage_dealt":148,"minecraft:deaths":1,"minecraft:crouch_one_cm":1050,"minecraft:sprint_one_cm":8075,"minecraft:leave_game":1,"minecraft:play_time":4214,"minecraft:damage_taken":60,"minecraft:time_since_death":3313,"minecraft:walk_one_cm":17217,"minecraft:sneak_time":199,"minecraft:total_world_time":4214,"minecraft:fly_one_cm":34714},"minecraft:killed_by":{"grimoireofgaia:ant_salvager":1},"minecraft:used":{"minecraft:fire_charge":3}},"DataVersion":3465}