{"stats":{"minecraft:killed":{"cataclysm:ignis":1},"minecraft:picked_up":{"minecraft:sandstone":16,"cataclysm:ignitium_ingot":3,"minecraft:sand":96,"alexsmobs:animal_dictionary":1},"minecraft:dropped":{"cataclysm:gauntlet_of_bulwark":1,"cataclysm:gauntlet_of_guard":1,"cataclysm:the_incinerator":1},"minecraft:custom":{"minecraft:time_since_rest":15344,"minecraft:crouch_one_cm":1468,"minecraft:play_time":16214,"minecraft:sprint_one_cm":10565,"minecraft:walk_one_cm":38781,"minecraft:damage_taken":60,"minecraft:deaths":1,"minecraft:sneak_time":606,"minecraft:drop":3,"minecraft:jump":112,"minecraft:damage_dealt":5784,"minecraft:leave_game":1,"minecraft:time_since_death":15313,"minecraft:total_world_time":16214,"minecraft:fly_one_cm":176653},"minecraft:killed_by":{"grimoireofgaia:ant_salvager":1},"minecraft:used":{"minecraft:fire_charge":3,"minecraft:sand":10,"minecraft:flint_and_steel":3}},"DataVersion":3465}