{"stats":{"minecraft:killed_by":{"minecraft:player":1},"minecraft:mined":{"minecraft:grass_block":2},"minecraft:killed":{"iceandfire:stone_statue":1},"minecraft:used":{"minecraft:netherrack":1,"minecraft:dirt":3,"minecraft:flint_and_steel":3,"iceandfire:dragonsteel_lightning_sword":9,"iceandfire:dragonegg_red":1},"minecraft:custom":{"minecraft:time_since_rest":7081,"minecraft:crouch_one_cm":112,"minecraft:play_time":7519,"minecraft:sprint_one_cm":1184,"minecraft:walk_one_cm":4730,"minecraft:damage_taken":380,"minecraft:deaths":1,"minecraft:sneak_time":45,"minecraft:mob_kills":1,"minecraft:jump":32,"minecraft:damage_dealt":1533,"minecraft:time_since_death":6916,"minecraft:total_world_time":7519,"minecraft:player_kills":1,"minecraft:fall_one_cm":1795,"minecraft:fly_one_cm":69558},"minecraft:picked_up":{"iceandfire:dragonsteel_lightning_sword":1,"minecraft:dirt":2}},"DataVersion":3465}