{"stats":{"minecraft:dropped":{"minecraft:iron_ingot":1,"minecraft:wheat_seeds":2,"minecraft:oak_log":33,"minecraft:cobblestone":3,"minecraft:chainmail_helmet":1,"minecraft:stick":1,"minecraft:bone_meal":4,"minecraft:iron_pickaxe":1,"minecraft:stone_axe":1,"spartanshields:stone_basic_shield":1,"minecraft:stone_sword":1,"minecraft:oak_sapling":2,"minecraft:stone_pickaxe":1,"grimoireofgaia:meat":2,"iceandfire:armor_copper_metal_leggings":1},"minecraft:used":{"minecraft:stone_sword":156,"iceandfire:armor_copper_metal_leggings":5,"minecraft:stone_shovel":334,"minecraft:chest":1,"minecraft:iron_sword":4,"minecraft:stone_hoe":131,"minecraft:torch":1,"minecraft:dirt":32,"minecraft:cobblestone_wall":183,"jet_and_elias_armors:mercenary_gear_chestplate":1,"minecraft:granite":4,"minecraft:wooden_axe":7,"minecraft:iron_axe":2,"minecraft:bow":3,"minecraft:oak_sapling":3,"iceandfire:armor_copper_metal_helmet":3,"minecraft:beetroot_seeds":30,"minecraft:potato":145,"minecraft:iron_leggings":3,"minecraft:wheat_seeds":8,"minecraft:water_bucket":1,"spartanshields:wooden_basic_shield":20,"minecraft:stone_pickaxe":556,"minecraft:baked_potato":8,"minecraft:oak_planks":25,"minecraft:wooden_pickaxe":27,"minecraft:leather_boots":1,"minecraft:crafting_table":5,"minecraft:red_bed":11,"minecraft:pumpkin_seeds":5,"minecraft:oak_log":3,"spartanshields:stone_basic_shield":35,"minecraft:iron_pickaxe":254,"minecraft:gravel":12,"minecraft:stone_axe":109,"minecraft:cobblestone":307,"minecraft:white_banner":1,"minecraft:bucket":1,"minecraft:andesite":1},"minecraft:mined":{"minecraft:attached_pumpkin_stem":1,"minecraft:oak_sapling":1,"minecraft:spruce_trapdoor":1,"minecraft:granite":2,"minecraft:grass_block":241,"minecraft:iron_ore":14,"minecraft:andesite":1,"minecraft:pumpkin":9,"minecraft:dirt_path":1,"minecraft:red_tulip":1,"minecraft:potatoes":68,"minecraft:stone":706,"minecraft:red_bed":13,"minecraft:crafting_table":2,"minecraft:tall_grass":7,"minecraft:copper_ore":2,"minecraft:cobblestone":10,"minecraft:oak_planks":11,"minecraft:diorite":2,"minecraft:cobblestone_wall":3,"minecraft:grass":71,"minecraft:oak_log":38,"minecraft:coal_ore":68,"minecraft:beetroots":38,"minecraft:gravel":3,"minecraft:dirt":76,"minecraft:oak_leaves":2},"minecraft:broken":{"minecraft:stone_hoe":1,"minecraft:stone_pickaxe":4,"spartanshields:wooden_basic_shield":1,"spartanshields:stone_basic_shield":2,"minecraft:iron_pickaxe":1,"minecraft:stone_shovel":1},"minecraft:custom":{"minecraft:mob_kills":35,"minecraft:interact_with_crafting_table":42,"minecraft:interact_with_campfire":28,"minecraft:leave_game":2,"minecraft:time_since_death":845,"minecraft:sprint_one_cm":432584,"minecraft:walk_one_cm":601644,"minecraft:damage_blocked_by_shield":5085,"minecraft:drop":55,"minecraft:talked_to_villager":7,"minecraft:play_time":181113,"minecraft:deaths":92,"minecraft:sneak_time":1511,"minecraft:jump":2885,"minecraft:walk_on_water_one_cm":742,"minecraft:total_world_time":181113,"minecraft:interact_with_furnace":36,"minecraft:raid_trigger":1,"minecraft:sleep_in_bed":20,"minecraft:time_since_rest":872,"minecraft:damage_taken":18352,"minecraft:damage_dealt":11072,"minecraft:fly_one_cm":514610,"minecraft:player_kills":11,"minecraft:open_chest":68,"minecraft:crouch_one_cm":4202,"minecraft:fall_one_cm":55732},"minecraft:killed_by":{"minecraft:player":3,"grimoireofgaia:centaur":2,"minecraft:spider":1,"minecraft:pillager":5,"grimoireofgaia:minotaur":9,"minecraft:vindicator":1,"grimoireofgaia:deathword":3,"grimoireofgaia:minotaurus":24,"minecraft:skeleton":10,"grimoireofgaia:harpy":15,"minecraft:zombie":9,"illagerinvasion:archivist":1,"illagerinvasion:provoker":4},"minecraft:picked_up":{"minecraft:wooden_axe":1,"minecraft:crafting_table":3,"minecraft:chainmail_boots":1,"illagerinvasion:platinum_chunk":2,"iceandfire:armor_copper_metal_chestplate":6,"minecraft:wooden_pickaxe":1,"minecraft:string":38,"minecraft:red_bed":13,"minecraft:raw_copper":9,"minecraft:flint_and_steel":2,"minecraft:iron_leggings":5,"minecraft:beetroot":84,"jet_and_elias_armors:mercenary_gear_boots":1,"illagerinvasion:platinum_infused_hatchet":1,"jet_and_elias_armors:mercenary_gear_chestplate":3,"minecraft:tnt_minecart":4,"minecraft:gold_nugget":1,"minecraft:bucket":20,"minecraft:iron_nugget":78,"minecraft:iron_pickaxe":21,"minecraft:chest":4,"minecraft:stick":167,"minecraft:raw_iron":70,"grimoireofgaia:meat":3,"iceandfire:armor_copper_metal_leggings":10,"minecraft:torch":62,"minecraft:spruce_fence":1,"minecraft:pointed_dripstone":2,"minecraft:diorite":2,"iceandfire:armor_copper_metal_boots":2,"spartanshields:stone_basic_shield":39,"minecraft:stone_sword":25,"iceandfire:silver_ingot":2,"minecraft:arrow":42,"minecraft:rotten_flesh":42,"minecraft:stone_shovel":9,"minecraft:beetroot_seeds":135,"minecraft:shears":1,"minecraft:red_tulip":1,"minecraft:rail":1,"minecraft:cobblestone":3872,"minecraft:oxeye_daisy":4,"minecraft:feather":30,"minecraft:andesite":8,"minecraft:leather":10,"minecraft:potato":265,"minecraft:flint":3,"minecraft:oak_log":123,"jet_and_elias_armors:mercenary_gear_helmet":2,"minecraft:cobblestone_wall":3,"iceandfire:armor_copper_metal_helmet":7,"minecraft:paper":5,"minecraft:dirt":806,"minecraft:white_banner":9,"minecraft:leather_boots":1,"minecraft:bone":15,"minecraft:bow":1,"minecraft:wheat_seeds":27,"minecraft:iron_ingot":6,"minecraft:stone_pickaxe":35,"spartanshields:wooden_basic_shield":17,"minecraft:iron_sword":3,"minecraft:stone_hoe":11,"minecraft:oak_planks":979,"minecraft:book":2,"minecraft:pumpkin":10,"minecraft:dripstone_block":1,"minecraft:gravel":15,"minecraft:spruce_sapling":1,"alexsmobs:animal_dictionary":25,"minecraft:spider_eye":1,"minecraft:stone_axe":24,"minecraft:granite":4,"minecraft:bone_meal":5,"minecraft:emerald":26,"minecraft:chainmail_helmet":4,"minecraft:baked_potato":39,"minecraft:oak_sapling":6,"minecraft:coal":201},"minecraft:killed":{"illagerinvasion:archivist":1,"grimoireofgaia:satyress":2,"minecraft:spider":1,"illagerinvasion:marauder":3,"grimoireofgaia:centaur":2,"illagerinvasion:basher":1,"minecraft:skeleton":2,"illagerinvasion:provoker":1,"minecraft:pillager":2,"minecraft:zombie":7,"grimoireofgaia:deathword":1,"grimoireofgaia:harpy":4,"alexsmobs:fly":1,"alexsmobs:crow":2},"minecraft:crafted":{"minecraft:oak_planks":152,"minecraft:stone_shovel":5,"minecraft:heavy_weighted_pressure_plate":2,"jet_and_elias_armors:mercenary_gear_helmet":1,"jet_and_elias_armors:mercenary_gear_chestplate":1,"minecraft:iron_axe":1,"minecraft:stone_pickaxe":6,"minecraft:cobblestone_wall":180,"minecraft:stone_hoe":1,"minecraft:crafting_table":3,"minecraft:wooden_pickaxe":1,"minecraft:baked_potato":16,"minecraft:iron_sword":1,"spartanshields:stone_basic_shield":3,"minecraft:bucket":1,"minecraft:pumpkin_seeds":32,"minecraft:stone_axe":4,"minecraft:air":0,"minecraft:stick":92,"minecraft:iron_pickaxe":2,"minecraft:iron_ingot":26,"minecraft:wooden_axe":1,"minecraft:stone_sword":4,"spartanshields:wooden_basic_shield":4,"minecraft:torch":36}},"DataVersion":3465}