{"stats":{"minecraft:dropped":{"minecraft:wheat_seeds":1,"minecraft:oak_log":33,"minecraft:oak_sapling":2},"minecraft:used":{"minecraft:water_bucket":1,"minecraft:stone_sword":13,"minecraft:stone_shovel":39,"minecraft:stone_pickaxe":439,"minecraft:baked_potato":2,"minecraft:wooden_pickaxe":22,"minecraft:iron_sword":4,"minecraft:leather_boots":1,"minecraft:stone_hoe":67,"minecraft:torch":1,"minecraft:dirt":6,"minecraft:crafting_table":5,"minecraft:red_bed":10,"minecraft:pumpkin_seeds":5,"minecraft:wooden_axe":7,"spartanshields:stone_basic_shield":11,"minecraft:iron_axe":2,"minecraft:iron_pickaxe":7,"minecraft:stone_axe":67,"minecraft:cobblestone":22,"minecraft:oak_sapling":3,"minecraft:beetroot_seeds":5,"minecraft:bucket":1,"minecraft:andesite":1,"minecraft:potato":28},"minecraft:mined":{"minecraft:oak_sapling":1,"minecraft:red_bed":10,"minecraft:crafting_table":2,"minecraft:grass_block":9,"minecraft:tall_grass":4,"minecraft:copper_ore":2,"minecraft:cobblestone":1,"minecraft:iron_ore":14,"minecraft:andesite":1,"minecraft:pumpkin":8,"minecraft:grass":22,"minecraft:oak_log":36,"minecraft:red_tulip":1,"minecraft:potatoes":21,"minecraft:coal_ore":66,"minecraft:beetroots":24,"minecraft:gravel":1,"minecraft:dirt":29,"minecraft:stone":379,"minecraft:oak_leaves":2},"minecraft:custom":{"minecraft:interact_with_furnace":24,"minecraft:mob_kills":13,"minecraft:interact_with_crafting_table":19,"minecraft:raid_trigger":1,"minecraft:time_since_death":9264,"minecraft:sleep_in_bed":7,"minecraft:time_since_rest":9294,"minecraft:sprint_one_cm":159624,"minecraft:damage_taken":5908,"minecraft:walk_one_cm":190299,"minecraft:damage_blocked_by_shield":1155,"minecraft:drop":36,"minecraft:damage_dealt":2781,"minecraft:talked_to_villager":5,"minecraft:fly_one_cm":189717,"minecraft:open_chest":19,"minecraft:sneak_time":734,"minecraft:crouch_one_cm":2233,"minecraft:play_time":69241,"minecraft:deaths":32,"minecraft:jump":1297,"minecraft:walk_on_water_one_cm":368,"minecraft:total_world_time":69241,"minecraft:fall_one_cm":22089},"minecraft:broken":{"minecraft:stone_pickaxe":2},"minecraft:killed_by":{"grimoireofgaia:deathword":3,"grimoireofgaia:minotaurus":11,"minecraft:skeleton":7,"grimoireofgaia:harpy":1,"grimoireofgaia:centaur":1,"minecraft:zombie":9},"minecraft:picked_up":{"minecraft:wooden_axe":1,"minecraft:crafting_table":3,"minecraft:feather":2,"minecraft:andesite":7,"minecraft:leather":3,"minecraft:wooden_pickaxe":1,"minecraft:potato":77,"minecraft:flint":1,"minecraft:oak_log":81,"minecraft:string":6,"minecraft:red_bed":11,"minecraft:dirt":44,"minecraft:white_banner":1,"minecraft:raw_copper":9,"minecraft:leather_boots":1,"minecraft:bone":13,"minecraft:beetroot":34,"minecraft:bow":1,"minecraft:wheat_seeds":4,"minecraft:gold_nugget":1,"minecraft:stone_pickaxe":11,"minecraft:iron_nugget":5,"minecraft:iron_pickaxe":2,"minecraft:iron_sword":3,"minecraft:oak_planks":515,"minecraft:book":1,"minecraft:stick":74,"minecraft:raw_iron":39,"minecraft:pumpkin":8,"minecraft:torch":54,"minecraft:stone_sword":2,"spartanshields:stone_basic_shield":12,"alexsmobs:animal_dictionary":12,"minecraft:arrow":12,"minecraft:stone_shovel":5,"minecraft:rotten_flesh":14,"minecraft:stone_axe":7,"minecraft:beetroot_seeds":100,"minecraft:red_tulip":1,"minecraft:granite":4,"minecraft:emerald":1,"minecraft:baked_potato":16,"minecraft:oak_sapling":6,"minecraft:coal":121,"minecraft:cobblestone":2380},"minecraft:killed":{"minecraft:spider":1,"illagerinvasion:marauder":1,"grimoireofgaia:centaur":2,"minecraft:skeleton":1,"minecraft:zombie":3,"grimoireofgaia:deathword":1,"alexsmobs:crow":2},"minecraft:crafted":{"minecraft:oak_planks":80,"minecraft:stone_shovel":2,"minecraft:crafting_table":3,"minecraft:baked_potato":10,"minecraft:wooden_pickaxe":1,"minecraft:iron_sword":1,"spartanshields:stone_basic_shield":1,"minecraft:bucket":1,"minecraft:pumpkin_seeds":32,"minecraft:stone_axe":2,"minecraft:air":0,"minecraft:iron_axe":1,"minecraft:stick":60,"minecraft:iron_ingot":14,"minecraft:iron_pickaxe":2,"minecraft:stone_pickaxe":5,"minecraft:wooden_axe":1,"minecraft:stone_sword":2,"spartanshields:wooden_basic_shield":1,"minecraft:stone_hoe":1,"minecraft:torch":28}},"DataVersion":3465}